,guests,bedrooms,beds,baths,cleaning_fee,service_fee,amenities,superhost,lat_lon,price
0,4 guests,1 bedroom,2 beds,1 bath,$50,$69,Show all 32 amenities,False,https://maps.googleapis.com/maps/api/js/ViewportInfoService.GetViewportInfo?1m6&1m2&1d47.66262307459966&2d-122.39176033877129&2m2&1d47.72530512598743&2d-122.2380882127884&2u14&4sen&5e0&6sm%40487000000&7b0&8e0&callback=_xdc_._ja8dgc&key=AIzaSyAytC_TusuhG7kpNQ19hMrCzXDIUjd307o&token=89416,$81
1,3 guests,1 bedroom,2 beds,1 bath,$60,$68,Show all 30 amenities,True,https://maps.googleapis.com/maps/api/js/ViewportInfoService.GetViewportInfo?1m6&1m2&1d47.61858735628893&2d-122.39778078604809&2m2&1d47.68132327673283&2d-122.24397659399204&2u14&4sen&5e0&6sm%40487000000&7b0&8e0&callback=_xdc_._6gfbg3&key=AIzaSyAytC_TusuhG7kpNQ19hMrCzXDIUjd307o&token=129298,$78
2,4 guests,1 bedroom,2 beds,1 bath,$50,$106,Show all 27 amenities,False,https://maps.googleapis.com/maps/api/js/ViewportInfoService.GetViewportInfo?1m6&1m2&1d47.5832976124858&2d-122.42416793059613&2m2&1d47.64607508305596&2d-122.27026187371439&2u14&4sen&5e0&6sm%40487000000&7b0&8e0&callback=_xdc_._y0n6um&key=AIzaSyAytC_TusuhG7kpNQ19hMrCzXDIUjd307o&token=125573,$128
3,4 guests,2 bedrooms,2 beds,1.5 baths,$60,$115,Show all 34 amenities,True,https://maps.googleapis.com/maps/api/js/ViewportInfoService.GetViewportInfo?1m6&1m2&1d47.62070172683547&2d-122.445427476867&2m2&1d47.68343510068945&2d-122.28960587084259&2u14&4sen&5e0&6sm%40487000000&7b0&8e0&callback=_xdc_._kylvtl&key=AIzaSyAytC_TusuhG7kpNQ19hMrCzXDIUjd307o&token=115377,$138
4,2 guests,1 bedroom,1 bed,1 bath,$25,$57,Show all 17 amenities,False,https://maps.googleapis.com/maps/api/js/ViewportInfoService.GetViewportInfo?1m6&1m2&1d47.60840258969268&2d-122.44069084884529&2m2&1d47.67114909197917&2d-122.28483663348851&2u14&4sen&5e0&6sm%40487000000&7b0&8e0&callback=_xdc_._xsde1a&key=AIzaSyAytC_TusuhG7kpNQ19hMrCzXDIUjd307o&token=98298,$69
5,3 guests,studio,2 beds,1 bath,$55,$89,Show all 33 amenities,False,https://maps.googleapis.com/maps/api/js/ViewportInfoService.GetViewportInfo?1m6&1m2&1d47.586587918310386&2d-122.4008039706464&2m2&1d47.649361715138795&2d-122.24690692035733&2u14&4sen&5e0&6sm%40487000000&7b0&8e0&callback=_xdc_._km2ege&key=AIzaSyAytC_TusuhG7kpNQ19hMrCzXDIUjd307o&token=24559,$106
6,5 guests,2 bedrooms,2 beds,1 bath,$100,$110,Show all 36 amenities,False,https://maps.googleapis.com/maps/api/js/ViewportInfoService.GetViewportInfo?1m6&1m2&1d47.627151937695075&2d-122.4267494260447&2m2&1d47.689877815427614&2d-122.27094643941871&2u14&4sen&5e0&6sm%40487000000&7b0&8e0&callback=_xdc_._dxoi39&key=AIzaSyAytC_TusuhG7kpNQ19hMrCzXDIUjd307o&token=95553,$125
7,4 guests,2 bedrooms,2 beds,1 bath,$85,$122,Show all 29 amenities,True,https://maps.googleapis.com/maps/api/js/ViewportInfoService.GetViewportInfo?1m6&1m2&1d47.58773000796755&2d-122.43498179659377&2m2&1d47.650502640206476&2d-122.27906267780673&2u14&4sen&5e0&6sm%40487000000&7b0&8e0&callback=_xdc_._gojr7s&key=AIzaSyAytC_TusuhG7kpNQ19hMrCzXDIUjd307o&token=123257,$144
8,4 guests,1 bedroom,0 beds,1 bath,$57,$86,Show all 22 amenities,True,https://maps.googleapis.com/maps/api/js/ViewportInfoService.GetViewportInfo?1m6&1m2&1d47.607882027573616&2d-122.44455780663196&2m2&1d47.67063051153853&2d-122.2907228136857&2u14&4sen&5e0&6sm%40487000000&7b0&8e0&callback=_xdc_._66baf8&key=AIzaSyAytC_TusuhG7kpNQ19hMrCzXDIUjd307o&token=111327,$101
9,2 guests,1 bedroom,1 bed,1 bath,$65,$100,Show all 33 amenities,True,https://maps.googleapis.com/maps/api/js/ViewportInfoService.GetViewportInfo?1m6&1m2&1d47.641969842013346&2d-122.46688766029092&2m2&1d47.70467793750853&2d-122.31112884244806&2u14&4sen&5e0&6sm%40487000000&7b0&8e0&callback=_xdc_._szn3cs&key=AIzaSyAytC_TusuhG7kpNQ19hMrCzXDIUjd307o&token=87874,$118
10,2 guests,studio,1 bed,1 bath,$45,$65,Show all 18 amenities,True,https://maps.googleapis.com/maps/api/js/ViewportInfoService.GetViewportInfo?1m6&1m2&1d47.579109367048765&2d-122.37955313168413&2m2&1d47.64189199976398&2d-122.22360917300443&2u14&4sen&5e0&6sm%40487000000&7b0&8e0&callback=_xdc_._9z3qlg&key=AIzaSyAytC_TusuhG7kpNQ19hMrCzXDIUjd307o&token=52054,$77
11,6 guests,2 bedrooms,2 beds,1 bath,$120,$108,Show all 38 amenities,True,https://maps.googleapis.com/maps/api/js/ViewportInfoService.GetViewportInfo?1m6&1m2&1d47.53141410817487&2d-122.4813674191463&2m2&1d47.594254172886295&2d-122.32730790566023&2u14&4sen&5e0&6sm%40487000000&7b0&8e0&callback=_xdc_._ovx21&key=AIzaSyAytC_TusuhG7kpNQ19hMrCzXDIUjd307o&token=99805,$120
12,4 guests,1 bedroom,2 beds,1 bath,$65,$110,Show all 25 amenities,True,https://maps.googleapis.com/maps/api/js/ViewportInfoService.GetViewportInfo?1m6&1m2&1d47.58348870604158&2d-122.42668467139396&2m2&1d47.646266428724786&2d-122.27075290860017&2u14&4sen&5e0&6sm%40487000000&7b0&8e0&callback=_xdc_._3jrymy&key=AIzaSyAytC_TusuhG7kpNQ19hMrCzXDIUjd307o&token=93629,$132
13,6 guests,2 bedrooms,3 beds,1.5 baths,$100,$106,Show all 18 amenities,False,https://maps.googleapis.com/maps/api/js/ViewportInfoService.GetViewportInfo?1m6&1m2&1d47.57504685635464&2d-122.393993208849&2m2&1d47.63783481891358&2d-122.2380360115252&2u14&4sen&5e0&6sm%40487000000&7b0&8e0&callback=_xdc_._g3kk2w&key=AIzaSyAytC_TusuhG7kpNQ19hMrCzXDIUjd307o&token=37408,$120
14,2 guests,studio,1 bed,1 bath,$42,$90,Show all 21 amenities,True,https://maps.googleapis.com/maps/api/js/ViewportInfoService.GetViewportInfo?1m6&1m2&1d47.596517497724975&2d-122.39972188704161&2m2&1d47.65928035630805&2d-122.24382704475465&2u14&4sen&5e0&6sm%40487000000&7b0&8e0&callback=_xdc_._y2kly0&key=AIzaSyAytC_TusuhG7kpNQ19hMrCzXDIUjd307o&token=73618,$109
15,2 guests,1 bedroom,1 bed,1 bath,$60,$57,Show all 24 amenities,False,https://maps.googleapis.com/maps/api/js/ViewportInfoService.GetViewportInfo?1m6&1m2&1d47.636546952985334&2d-122.45669612312207&2m2&1d47.6992612246778&2d-122.30092196440205&2u14&4sen&5e0&6sm%40487000000&7b0&8e0&callback=_xdc_._vx8bv2&key=AIzaSyAytC_TusuhG7kpNQ19hMrCzXDIUjd307o&token=72768,$64
16,4 guests,1 bedroom,2 beds,1 bath,$99,$126,Show all 25 amenities,False,https://maps.googleapis.com/maps/api/js/ViewportInfoService.GetViewportInfo?1m6&1m2&1d47.57589891347454&2d-122.41527910725051&2m2&1d47.63868532753659&2d-122.25932575619316&2u14&4sen&5e0&6sm%40487000000&7b0&8e0&callback=_xdc_._5xpq66&key=AIzaSyAytC_TusuhG7kpNQ19hMrCzXDIUjd307o&token=128526,$146
17,3 guests,1 bedroom,1 bed,1 bath,$30,$66,Show all 34 amenities,True,https://maps.googleapis.com/maps/api/js/ViewportInfoService.GetViewportInfo?1m6&1m2&1d47.578690878975074&2d-122.39062809726727&2m2&1d47.6414729594777&2d-122.23671073861567&2u14&4sen&5e0&6sm%40487000000&7b0&8e0&callback=_xdc_._1e52hq&key=AIzaSyAytC_TusuhG7kpNQ19hMrCzXDIUjd307o&token=82247,$80
18,4 guests,1 bedroom,1 bed,1 bath,$60,$122,Show all 23 amenities,True,https://maps.googleapis.com/maps/api/js/ViewportInfoService.GetViewportInfo?1m6&1m2&1d47.58017932363356&2d-122.411524603631&2m2&1d47.64296069585764&2d-122.25760898140425&2u14&4sen&5e0&6sm%40487000000&7b0&8e0&callback=_xdc_._gq8ybo&key=AIzaSyAytC_TusuhG7kpNQ19hMrCzXDIUjd307o&token=45207,$148
19,4 guests,1 bedroom,2 beds,1 bath,$90,$104,Show all 30 amenities,True,https://maps.googleapis.com/maps/api/js/ViewportInfoService.GetViewportInfo?1m6&1m2&1d47.581276478757594&2d-122.40711190489662&2m2&1d47.64405662648441&2d-122.25117411860742&2u14&4sen&5e0&6sm%40487000000&7b0&8e0&callback=_xdc_._wxy8n&key=AIzaSyAytC_TusuhG7kpNQ19hMrCzXDIUjd307o&token=33718,$120
20,4 guests,studio,1 bed,1 bath,$65,$83,Show all 30 amenities,False,https://maps.googleapis.com/maps/api/js/ViewportInfoService.GetViewportInfo?1m6&1m2&1d47.54705624640185&2d-122.45347857483375&2m2&1d47.60987680403039&2d-122.29744041556285&2u14&4sen&5e0&6sm%40487000000&7b0&8e0&callback=_xdc_._vc9z2&key=AIzaSyAytC_TusuhG7kpNQ19hMrCzXDIUjd307o&token=16763,$97
21,8 guests,4 bedrooms,4 beds,2 baths,$170,$225,Show all 28 amenities,False,https://maps.googleapis.com/maps/api/js/ViewportInfoService.GetViewportInfo?1m6&1m2&1d47.63353480630094&2d-122.39576771902773&2m2&1d47.69625310306425&2d-122.24200673341443&2u14&4sen&5e0&6sm%40487000000&7b0&8e0&callback=_xdc_._a5ao7r&key=AIzaSyAytC_TusuhG7kpNQ19hMrCzXDIUjd307o&token=1024,$263
22,4 guests,2 bedrooms,2 beds,3 baths,$80,$161,Show all 36 amenities,False,https://maps.googleapis.com/maps/api/js/ViewportInfoService.GetViewportInfo?1m6&1m2&1d47.59858137744523&2d-122.39664133113035&2m2&1d47.66134161829848&2d-122.24277751484499&2u14&4sen&5e0&6sm%40487000000&7b0&8e0&callback=_xdc_._elg4ud&key=AIzaSyAytC_TusuhG7kpNQ19hMrCzXDIUjd307o&token=100998,$195
23,4 guests,1 bedroom,2 beds,1 bath,$65,$87,Show all 20 amenities,False,https://maps.googleapis.com/maps/api/js/ViewportInfoService.GetViewportInfo?1m6&1m2&1d47.58490408639047&2d-122.39271504286978&2m2&1d47.64768100471025&2d-122.23678527801098&2u14&4sen&5e0&6sm%40487000000&7b0&8e0&callback=_xdc_._3r5cl9&key=AIzaSyAytC_TusuhG7kpNQ19hMrCzXDIUjd307o&token=105450,$102
24,2 guests,studio,1 bed,1 bath,$85,$87,Show all 30 amenities,True,https://maps.googleapis.com/maps/api/js/ViewportInfoService.GetViewportInfo?1m6&1m2&1d47.57588072166872&2d-122.40713082909713&2m2&1d47.63866711172285&2d-122.25117753767233&2u14&4sen&5e0&6sm%40487000000&7b0&8e0&callback=_xdc_._my0elh&key=AIzaSyAytC_TusuhG7kpNQ19hMrCzXDIUjd307o&token=72958,$98
25,3 guests,studio,2 beds,1 bath,$40,$108,Show all 19 amenities,True,https://maps.googleapis.com/maps/api/js/ViewportInfoService.GetViewportInfo?1m6&1m2&1d47.56959358423283&2d-122.4141223418473&2m2&1d47.63238771645524&2d-122.25814981987548&2u14&4sen&5e0&6sm%40487000000&7b0&8e0&callback=_xdc_._9xu53o&key=AIzaSyAytC_TusuhG7kpNQ19hMrCzXDIUjd307o&token=77461,$133
26,3 guests,studio,3 beds,1 bath,$90,$75,Show all 17 amenities,False,https://maps.googleapis.com/maps/api/js/ViewportInfoService.GetViewportInfo?1m6&1m2&1d47.583324911631976&2d-122.4181629243335&2m2&1d47.646102418218376&2d-122.26223169829632&2u14&4sen&5e0&6sm%40487000000&7b0&8e0&callback=_xdc_._3n0f5p&key=AIzaSyAytC_TusuhG7kpNQ19hMrCzXDIUjd307o&token=123377,$83
27,4 guests,1 bedroom,2 beds,1 bath,$50,$60,Show all 38 amenities,True,https://maps.googleapis.com/maps/api/js/ViewportInfoService.GetViewportInfo?1m6&1m2&1d47.55371918285638&2d-122.24683564447105&2m2&1d47.616532481022844&2d-122.09284175219204&2u14&4sen&5e0&6sm%40487000000&7b0&8e0&callback=_xdc_._oegg6l&key=AIzaSyAytC_TusuhG7kpNQ19hMrCzXDIUjd307o&token=77640,$69
28,2 guests,2 bedrooms,2 beds,1 bath,$55,$115,Show all 24 amenities,True,https://maps.googleapis.com/maps/api/js/ViewportInfoService.GetViewportInfo?1m6&1m2&1d47.59484801167139&2d-122.4330291373912&2m2&1d47.657611338554226&2d-122.27713313190799&2u14&4sen&5e0&6sm%40487000000&7b0&8e0&callback=_xdc_._ajjkqr&key=AIzaSyAytC_TusuhG7kpNQ19hMrCzXDIUjd307o&token=32729,$140
29,2 guests,studio,1 bed,1 bath,$65,$91,Show all 26 amenities,False,https://maps.googleapis.com/maps/api/js/ViewportInfoService.GetViewportInfo?1m6&1m2&1d47.58506350580841&2d-122.40411650434487&2m2&1d47.64783796296318&2d-122.2481928527024&2u14&4sen&5e0&6sm%40487000000&7b0&8e0&callback=_xdc_._b711ad&key=AIzaSyAytC_TusuhG7kpNQ19hMrCzXDIUjd307o&token=100072,$107
30,4 guests,studio,2 beds,1 bath,0,$42,Show all 28 amenities,False,https://maps.googleapis.com/maps/api/js/ViewportInfoService.GetViewportInfo?1m6&1m2&1d47.48127974356501&2d-122.45994434610157&2m2&1d47.54417960562435&2d-122.30573823266582&2u14&4sen&5e0&6sm%40487000000&7b0&8e0&callback=_xdc_._1sgke0&key=AIzaSyAytC_TusuhG7kpNQ19hMrCzXDIUjd307o&token=6099,$54
31,2 guests,1 bedroom,1 bed,1 bath,$50,$83,Show all 16 amenities,True,https://maps.googleapis.com/maps/api/js/ViewportInfoService.GetViewportInfo?1m6&1m2&1d47.626604625894&2d-122.39296827324756&2m2&1d47.68932978280634&2d-122.23919046920446&2u14&4sen&5e0&6sm%40487000000&7b0&8e0&callback=_xdc_._tbftqp&key=AIzaSyAytC_TusuhG7kpNQ19hMrCzXDIUjd307o&token=50219,$98
32,2 guests,studio,1 bed,1 bath,$42,$73,Show all 23 amenities,True,https://maps.googleapis.com/maps/api/js/ViewportInfoService.GetViewportInfo?1m6&1m2&1d47.644477340390516&2d-122.39300886720571&2m2&1d47.70718074932926&2d-122.2372616901643&2u14&4sen&5e0&6sm%40487000000&7b0&8e0&callback=_xdc_._vl6xp7&key=AIzaSyAytC_TusuhG7kpNQ19hMrCzXDIUjd307o&token=50185,$87
33,4 guests,1 bedroom,2 beds,1 bath,$80,$116,Show all 17 amenities,False,https://maps.googleapis.com/maps/api/js/ViewportInfoService.GetViewportInfo?1m6&1m2&1d47.58104901306591&2d-122.40652672895266&2m2&1d47.64382886066774&2d-122.25261484450948&2u14&4sen&5e0&6sm%40487000000&7b0&8e0&callback=_xdc_._2m2wsl&key=AIzaSyAytC_TusuhG7kpNQ19hMrCzXDIUjd307o&token=76306,$137
34,2 guests,2 bedrooms,2 beds,1 bath,$20,$34,Show all 8 amenities,False,https://maps.googleapis.com/maps/api/js/ViewportInfoService.GetViewportInfo?1m6&1m2&1d47.76866611847905&2d-122.5757048848755&2m2&1d47.83122224595762&2d-122.4203235359771&2u14&4sen&5e0&6sm%40487000000&7b0&8e0&callback=_xdc_._yaht7c&key=AIzaSyAytC_TusuhG7kpNQ19hMrCzXDIUjd307o&token=11286,$40
35,2 guests,studio,1 bed,1 bath,$55,$89,Show all 28 amenities,False,https://maps.googleapis.com/maps/api/js/ViewportInfoService.GetViewportInfo?1m6&1m2&1d47.58872637077936&2d-122.43436048034948&2m2&1d47.651497646308854&2d-122.27844473145365&2u14&4sen&5e0&6sm%40487000000&7b0&8e0&callback=_xdc_._7e9x54&key=AIzaSyAytC_TusuhG7kpNQ19hMrCzXDIUjd307o&token=104049,$106
36,2 guests,1 bedroom,1 bed,1 bath,$49,$96,Show all 28 amenities,True,https://maps.googleapis.com/maps/api/js/ViewportInfoService.GetViewportInfo?1m6&1m2&1d47.60397615527071&2d-122.41485142292612&2m2&1d47.66673016364005&2d-122.26100288627867&2u14&4sen&5e0&6sm%40487000000&7b0&8e0&callback=_xdc_._3ji319&key=AIzaSyAytC_TusuhG7kpNQ19hMrCzXDIUjd307o&token=54420,$116
37,4 guests,1 bedroom,2 beds,1 bath,$99,$126,Show all 22 amenities,False,https://maps.googleapis.com/maps/api/js/ViewportInfoService.GetViewportInfo?1m6&1m2&1d47.57634461156551&2d-122.41642591177657&2m2&1d47.63913161382003&2d-122.26249648689452&2u14&4sen&5e0&6sm%40487000000&7b0&8e0&callback=_xdc_._2ovlr&key=AIzaSyAytC_TusuhG7kpNQ19hMrCzXDIUjd307o&token=118384,$146
38,3 guests,1 bedroom,1 bed,1 bath,$50,$61,Show all 23 amenities,False,https://maps.googleapis.com/maps/api/js/ViewportInfoService.GetViewportInfo?1m6&1m2&1d47.583497805706884&2d-122.38013105479331&2m2&1d47.646275540395436&2d-122.22419926217981&2u14&4sen&5e0&6sm%40487000000&7b0&8e0&callback=_xdc_._e3hdac&key=AIzaSyAytC_TusuhG7kpNQ19hMrCzXDIUjd307o&token=125866,$70
39,2 guests,1 bedroom,1 bed,1 bath,$69,$79,Show all 30 amenities,True,https://maps.googleapis.com/maps/api/js/ViewportInfoService.GetViewportInfo?1m6&1m2&1d47.653725572178104&2d-122.4217192233865&2m2&1d47.71641985952426&2d-122.26599470320411&2u14&4sen&5e0&6sm%40487000000&7b0&8e0&callback=_xdc_._cxq39f&key=AIzaSyAytC_TusuhG7kpNQ19hMrCzXDIUjd307o&token=8853,$90
40,3 guests,1 bedroom,1 bed,1 bath,$89,$241,Show all 15 amenities,False,https://maps.googleapis.com/maps/api/js/ViewportInfoService.GetViewportInfo?1m6&1m2&1d47.580479559208186&2d-122.41837268730131&2m2&1d47.64326132758886&2d-122.26445609385195&2u14&4sen&5e0&6sm%40487000000&7b0&8e0&callback=_xdc_._ki40x9&key=AIzaSyAytC_TusuhG7kpNQ19hMrCzXDIUjd307o&token=83186,$296
41,3 guests,studio,1 bed,1 bath,$65,$65,Show all 31 amenities,True,https://maps.googleapis.com/maps/api/js/ViewportInfoService.GetViewportInfo?1m6&1m2&1d47.711586057701375&2d-122.36371372203774&2m2&1d47.774210292089926&2d-122.20816320436296&2u14&4sen&5e0&6sm%40487000000&7b0&8e0&callback=_xdc_._9p3woc&key=AIzaSyAytC_TusuhG7kpNQ19hMrCzXDIUjd307o&token=54676,$73
42,2 guests,1 bedroom,1 bed,1 bath,$75,$126,Show all 21 amenities,False,https://maps.googleapis.com/maps/api/js/ViewportInfoService.GetViewportInfo?1m6&1m2&1d47.5813037745618&2d-122.4274337979819&2m2&1d47.64408395830351&2d-122.27149592223634&2u14&4sen&5e0&6sm%40487000000&7b0&8e0&callback=_xdc_._x6nbjf&key=AIzaSyAytC_TusuhG7kpNQ19hMrCzXDIUjd307o&token=87442,$150
43,2 guests,studio,1 bed,1 bath,$20,$48,Show all 26 amenities,True,https://maps.googleapis.com/maps/api/js/ViewportInfoService.GetViewportInfo?1m6&1m2&1d47.667035942998886&2d-122.37423725339119&2m2&1d47.72971316196024&2d-122.2185551288743&2u14&4sen&5e0&6sm%40487000000&7b0&8e0&callback=_xdc_._ua4evq&key=AIzaSyAytC_TusuhG7kpNQ19hMrCzXDIUjd307o&token=18471,$59
44,2 guests,studio,1 bed,1 bath,0,$93,Show all 16 amenities,False,https://maps.googleapis.com/maps/api/js/ViewportInfoService.GetViewportInfo?1m6&1m2&1d47.54364634768191&2d-122.474540638355&2m2&1d47.60647043279606&2d-122.32052030065574&2u14&4sen&5e0&6sm%40487000000&7b0&8e0&callback=_xdc_._t5tdz&key=AIzaSyAytC_TusuhG7kpNQ19hMrCzXDIUjd307o&token=81513,$120
45,3 guests,1 bedroom,1 bed,1 bath,$40,$65,Show all 30 amenities,True,https://maps.googleapis.com/maps/api/js/ViewportInfoService.GetViewportInfo?1m6&1m2&1d47.65158986845098&2d-122.450893789965&2m2&1d47.71428666764974&2d-122.2971855080583&2u14&4sen&5e0&6sm%40487000000&7b0&8e0&callback=_xdc_._goajr9&key=AIzaSyAytC_TusuhG7kpNQ19hMrCzXDIUjd307o&token=24499,$77
46,4 guests,studio,2 beds,1 bath,$40,$81,Show all 19 amenities,False,https://maps.googleapis.com/maps/api/js/ViewportInfoService.GetViewportInfo?1m6&1m2&1d47.5876025820492&2d-122.40225526061488&2m2&1d47.65037504620152&2d-122.24836147753177&2u14&4sen&5e0&6sm%40487000000&7b0&8e0&callback=_xdc_._kevx3m&key=AIzaSyAytC_TusuhG7kpNQ19hMrCzXDIUjd307o&token=99482,$98
47,6 guests,2 bedrooms,3 beds,1 bath,$150,$171,Show all 41 amenities,True,https://maps.googleapis.com/maps/api/js/ViewportInfoService.GetViewportInfo?1m6&1m2&1d47.58360700167387&2d-122.42496393919191&2m2&1d47.64638488042655&2d-122.2690317887417&2u14&4sen&5e0&6sm%40487000000&7b0&8e0&callback=_xdc_._hx3ipb&key=AIzaSyAytC_TusuhG7kpNQ19hMrCzXDIUjd307o&token=59182,$196
48,4 guests,1 bedroom,2 beds,1 bath,$65,$81,Show all 18 amenities,False,https://maps.googleapis.com/maps/api/js/ViewportInfoService.GetViewportInfo?1m6&1m2&1d47.58483128510165&2d-122.39050273252928&2m2&1d47.64760810737751&2d-122.23457320623118&2u14&4sen&5e0&6sm%40487000000&7b0&8e0&callback=_xdc_._a1med&key=AIzaSyAytC_TusuhG7kpNQ19hMrCzXDIUjd307o&token=99590,$94
49,5 guests,2 bedrooms,3 beds,1 bath,$60,$124,Show all 27 amenities,False,https://maps.googleapis.com/maps/api/js/ViewportInfoService.GetViewportInfo?1m6&1m2&1d47.587024779568665&2d-122.3816778543835&2m2&1d47.649799152682135&2d-122.22575441148871&2u14&4sen&5e0&6sm%40487000000&7b0&8e0&callback=_xdc_._aub87t&key=AIzaSyAytC_TusuhG7kpNQ19hMrCzXDIUjd307o&token=21550,$151
50,4 guests,2 bedrooms,2 beds,1 bath,$99,$97,Show all 34 amenities,True,https://maps.googleapis.com/maps/api/js/ViewportInfoService.GetViewportInfo?1m6&1m2&1d47.55010201879369&2d-122.47808814122334&2m2&1d47.612918568805725&2d-122.32408627667769&2u14&4sen&5e0&6sm%40487000000&7b0&8e0&callback=_xdc_._oolk5d&key=AIzaSyAytC_TusuhG7kpNQ19hMrCzXDIUjd307o&token=55745,$108
51,2 guests,studio,1 bed,1 bath,$35,$83,Show all 25 amenities,False,https://maps.googleapis.com/maps/api/js/ViewportInfoService.GetViewportInfo?1m6&1m2&1d47.57731482619171&2d-122.38940690613163&2m2&1d47.6401004359832&2d-122.23548089502992&2u14&4sen&5e0&6sm%40487000000&7b0&8e0&callback=_xdc_._5wmzuz&key=AIzaSyAytC_TusuhG7kpNQ19hMrCzXDIUjd307o&token=130957,$101
52,15 guests,6 bedrooms,7 beds,3.5 baths,$300,$301,Show all 18 amenities,False,https://maps.googleapis.com/maps/api/js/ViewportInfoService.GetViewportInfo?1m6&1m2&1d47.62577614018154&2d-122.42032044258502&2m2&1d47.68850287087558&2d-122.26451533731273&2u14&4sen&5e0&6sm%40487000000&7b0&8e0&callback=_xdc_._b6kp8u&key=AIzaSyAytC_TusuhG7kpNQ19hMrCzXDIUjd307o&token=63394,$339
53,4 guests,1 bedroom,2 beds,1 bath,$99,$126,Show all 25 amenities,False,https://maps.googleapis.com/maps/api/js/ViewportInfoService.GetViewportInfo?1m6&1m2&1d47.57363989172241&2d-122.4158387864361&2m2&1d47.63642867053046&2d-122.25987956165477&2u14&4sen&5e0&6sm%40487000000&7b0&8e0&callback=_xdc_._2bko1g&key=AIzaSyAytC_TusuhG7kpNQ19hMrCzXDIUjd307o&token=99948,$146
54,3 guests,1 bedroom,1 bed,1 bath,$89,$172,Show all 22 amenities,False,https://maps.googleapis.com/maps/api/js/ViewportInfoService.GetViewportInfo?1m6&1m2&1d47.5793277074324&2d-122.40644305270564&2m2&1d47.642110628256916&2d-122.25049837839958&2u14&4sen&5e0&6sm%40487000000&7b0&8e0&callback=_xdc_._kvzcfw&key=AIzaSyAytC_TusuhG7kpNQ19hMrCzXDIUjd307o&token=92926,$208
55,2 guests,1 bedroom,1 bed,1 bath,$60,$71,Show all 30 amenities,False,https://maps.googleapis.com/maps/api/js/ViewportInfoService.GetViewportInfo?1m6&1m2&1d47.59620788884234&2d-122.42929462104661&2m2&1d47.65897033916154&2d-122.27340079283442&2u14&4sen&5e0&6sm%40487000000&7b0&8e0&callback=_xdc_._1cfheh&key=AIzaSyAytC_TusuhG7kpNQ19hMrCzXDIUjd307o&token=120024,$82
56,4 guests,2 bedrooms,3 beds,1.5 baths,$50,$57,Show all 25 amenities,False,https://maps.googleapis.com/maps/api/js/ViewportInfoService.GetViewportInfo?1m6&1m2&1d47.56196774124526&2d-122.37831858182062&2m2&1d47.624770526949504&2d-122.22435046202952&2u14&4sen&5e0&6sm%40487000000&7b0&8e0&callback=_xdc_._w80lyu&key=AIzaSyAytC_TusuhG7kpNQ19hMrCzXDIUjd307o&token=92333,$65
57,4 guests,studio,2 beds,1 bath,$65,$86,Show all 15 amenities,True,https://maps.googleapis.com/maps/api/js/ViewportInfoService.GetViewportInfo?1m6&1m2&1d47.58686095703304&2d-122.39340638148894&2m2&1d47.64963511404019&2d-122.23748347537446&2u14&4sen&5e0&6sm%40487000000&7b0&8e0&callback=_xdc_._b2dnn8&key=AIzaSyAytC_TusuhG7kpNQ19hMrCzXDIUjd307o&token=35156,$100
58,4 guests,1 bedroom,2 beds,1 bath,$100,$126,Show all 24 amenities,False,https://maps.googleapis.com/maps/api/js/ViewportInfoService.GetViewportInfo?1m6&1m2&1d47.57819396180722&2d-122.4127873080007&2m2&1d47.64097805906655&2d-122.25886500504237&2u14&4sen&5e0&6sm%40487000000&7b0&8e0&callback=_xdc_._w5xvdk&key=AIzaSyAytC_TusuhG7kpNQ19hMrCzXDIUjd307o&token=13302,$147
59,5 guests,2 bedrooms,4 beds,1 bath,$60,$69,Show all 31 amenities,False,https://maps.googleapis.com/maps/api/js/ViewportInfoService.GetViewportInfo?1m6&1m2&1d47.36803150107827&2d-122.23575212087655&2m2&1d47.43106687246842&2d-122.07918039193976&2u14&4sen&5e0&6sm%40487000000&7b0&8e0&callback=_xdc_._gxnz2n&key=AIzaSyAytC_TusuhG7kpNQ19hMrCzXDIUjd307o&token=61036,$79
60,2 guests,studio,0 beds,1 bath,$60,$61,Show all 26 amenities,False,https://maps.googleapis.com/maps/api/js/ViewportInfoService.GetViewportInfo?1m6&1m2&1d47.59968602675924&2d-122.38820258003159&2m2&1d47.66244505478023&2d-122.23231725236656&2u14&4sen&5e0&6sm%40487000000&7b0&8e0&callback=_xdc_._6sfpej&key=AIzaSyAytC_TusuhG7kpNQ19hMrCzXDIUjd307o&token=24350,$69
61,2 guests,1 bedroom,1 bed,1 bath,$75,$145,Show all 20 amenities,False,https://maps.googleapis.com/maps/api/js/ViewportInfoService.GetViewportInfo?1m6&1m2&1d47.582328044017125&2d-122.42688370671652&2m2&1d47.64510690720084&2d-122.27297423568547&2u14&4sen&5e0&6sm%40487000000&7b0&8e0&callback=_xdc_._e90wgl&key=AIzaSyAytC_TusuhG7kpNQ19hMrCzXDIUjd307o&token=74680,$175
62,4 guests,1 bedroom,2 beds,1 bath,$80,$93,Show all 35 amenities,True,https://maps.googleapis.com/maps/api/js/ViewportInfoService.GetViewportInfo?1m6&1m2&1d47.53788607662292&2d-122.43833129174715&2m2&1d47.60071861982985&2d-122.28226336184605&2u14&4sen&5e0&6sm%40487000000&7b0&8e0&callback=_xdc_._w6egz9&key=AIzaSyAytC_TusuhG7kpNQ19hMrCzXDIUjd307o&token=42932,$106
63,2 guests,studio,1 bed,1 bath,$40,$62,Show all 24 amenities,False,https://maps.googleapis.com/maps/api/js/ViewportInfoService.GetViewportInfo?1m6&1m2&1d47.57210800747891&2d-122.39193793084837&2m2&1d47.63490011121015&2d-122.23597044738693&2u14&4sen&5e0&6sm%40487000000&7b0&8e0&callback=_xdc_._35zxhh&key=AIzaSyAytC_TusuhG7kpNQ19hMrCzXDIUjd307o&token=111926,$73
64,2 guests,studio,1 bed,1 bath,$62,$88,Show all 23 amenities,True,https://maps.googleapis.com/maps/api/js/ViewportInfoService.GetViewportInfo?1m6&1m2&1d47.57845777337939&2d-122.39321301553139&2m2&1d47.641242218763985&2d-122.23726455441482&2u14&4sen&5e0&6sm%40487000000&7b0&8e0&callback=_xdc_._5g05jg&key=AIzaSyAytC_TusuhG7kpNQ19hMrCzXDIUjd307o&token=107817,$103
65,2 guests,studio,1 bed,1 bath,$50,$60,Show all 11 amenities,False,https://maps.googleapis.com/maps/api/js/ViewportInfoService.GetViewportInfo?1m6&1m2&1d47.580803349108564&2d-122.37551754756043&2m2&1d47.64358287257408&2d-122.22160645777399&2u14&4sen&5e0&6sm%40487000000&7b0&8e0&callback=_xdc_._yhbqpa&key=AIzaSyAytC_TusuhG7kpNQ19hMrCzXDIUjd307o&token=76864,$69
66,6 guests,3 bedrooms,4 beds,1 bath,$99,$132,Show all 31 amenities,False,https://maps.googleapis.com/maps/api/js/ViewportInfoService.GetViewportInfo?1m6&1m2&1d47.5738581678294&2d-122.39614591381826&2m2&1d47.63664723472325&2d-122.2422114272398&2u14&4sen&5e0&6sm%40487000000&7b0&8e0&callback=_xdc_._quvl9f&key=AIzaSyAytC_TusuhG7kpNQ19hMrCzXDIUjd307o&token=8335,$154
67,5 guests,1 bedroom,3 beds,1 bath,$40,$87,Show all 28 amenities,False,https://maps.googleapis.com/maps/api/js/ViewportInfoService.GetViewportInfo?1m6&1m2&1d47.58804857149434&2d-122.4013774733466&2m2&1d47.65082162394812&2d-122.24545731080013&2u14&4sen&5e0&6sm%40487000000&7b0&8e0&callback=_xdc_._8a82o8&key=AIzaSyAytC_TusuhG7kpNQ19hMrCzXDIUjd307o&token=112190,$106
68,4 guests,1 bedroom,1 bed,1 bath,$75,$110,Show all 22 amenities,True,https://maps.googleapis.com/maps/api/js/ViewportInfoService.GetViewportInfo?1m6&1m2&1d47.578672683777576&2d-122.40880834090513&2m2&1d47.64145474027087&2d-122.25286581348627&2u14&4sen&5e0&6sm%40487000000&7b0&8e0&callback=_xdc_._qvw444&key=AIzaSyAytC_TusuhG7kpNQ19hMrCzXDIUjd307o&token=52237,$130
69,6 guests,1 bedroom,3 beds,1 bath,$85,$114,Show all 30 amenities,True,https://maps.googleapis.com/maps/api/js/ViewportInfoService.GetViewportInfo?1m6&1m2&1d47.58411236702344&2d-122.4089039221139&2m2&1d47.64688824085856&2d-122.25297675162022&2u14&4sen&5e0&6sm%40487000000&7b0&8e0&callback=_xdc_._jr16xj&key=AIzaSyAytC_TusuhG7kpNQ19hMrCzXDIUjd307o&token=99331,$133
70,5 guests,1 bedroom,1 bed,1 bath,$75,$75,Show all 29 amenities,False,https://maps.googleapis.com/maps/api/js/ViewportInfoService.GetViewportInfo?1m6&1m2&1d47.632040864004644&2d-122.40117403183183&2m2&1d47.694759857624156&2d-122.24538814445435&2u14&4sen&5e0&6sm%40487000000&7b0&8e0&callback=_xdc_._5wzayw&key=AIzaSyAytC_TusuhG7kpNQ19hMrCzXDIUjd307o&token=20337,$85
71,4 guests,1 bedroom,1 bed,1 bath,$65,$105,Show all 20 amenities,False,https://maps.googleapis.com/maps/api/js/ViewportInfoService.GetViewportInfo?1m6&1m2&1d47.58869906356972&2d-122.40391704505106&2m2&1d47.65147030308&2d-122.24800138562227&2u14&4sen&5e0&6sm%40487000000&7b0&8e0&callback=_xdc_._hpmw9l&key=AIzaSyAytC_TusuhG7kpNQ19hMrCzXDIUjd307o&token=127696,$125
72,2 guests,1 bedroom,1 bed,1 bath,$50,$46,Show all 26 amenities,True,https://maps.googleapis.com/maps/api/js/ViewportInfoService.GetViewportInfo?1m6&1m2&1d47.46755178623067&2d-122.3444283062156&2m2&1d47.5304684146458&2d-122.19018108816562&2u14&4sen&5e0&6sm%40487000000&7b0&8e0&callback=_xdc_._vllvvv&key=AIzaSyAytC_TusuhG7kpNQ19hMrCzXDIUjd307o&token=31020,$51
73,4 guests,studio,3 beds,1 bath,$70,$124,Show all 37 amenities,False,https://maps.googleapis.com/maps/api/js/ViewportInfoService.GetViewportInfo?1m6&1m2&1d47.58367069924753&2d-122.42512782279908&2m2&1d47.64644866203753&2d-122.26919546361103&2u14&4sen&5e0&6sm%40487000000&7b0&8e0&callback=_xdc_._cvmg80&key=AIzaSyAytC_TusuhG7kpNQ19hMrCzXDIUjd307o&token=79291,$149
74,4 guests,2 bedrooms,2 beds,1 bath,$50,$56,Show all 22 amenities,False,https://maps.googleapis.com/maps/api/js/ViewportInfoService.GetViewportInfo?1m6&1m2&1d47.51500592982455&2d-122.37552331655235&2m2&1d47.5778645131824&2d-122.22141840251373&2u14&4sen&5e0&6sm%40487000000&7b0&8e0&callback=_xdc_._wwl1fq&key=AIzaSyAytC_TusuhG7kpNQ19hMrCzXDIUjd307o&token=29378,$64
75,4 guests,1 bedroom,2 beds,1 bath,$99,$126,Show all 25 amenities,False,https://maps.googleapis.com/maps/api/js/ViewportInfoService.GetViewportInfo?1m6&1m2&1d47.575789762489386&2d-122.4149982560503&2m2&1d47.63857603250374&2d-122.26107062633764&2u14&4sen&5e0&6sm%40487000000&7b0&8e0&callback=_xdc_._la154&key=AIzaSyAytC_TusuhG7kpNQ19hMrCzXDIUjd307o&token=41796,$146
76,3 guests,1 bedroom,1 bed,1 bath,$100,$64,Show all 24 amenities,True,https://maps.googleapis.com/maps/api/js/ViewportInfoService.GetViewportInfo?1m6&1m2&1d47.53945258612466&2d-122.38733730669014&2m2&1d47.602281842185796&2d-122.23127754163511&2u14&4sen&5e0&6sm%40487000000&7b0&8e0&callback=_xdc_._1awkgn&key=AIzaSyAytC_TusuhG7kpNQ19hMrCzXDIUjd307o&token=28986,$67
77,6 guests,2 bedrooms,3 beds,2 baths,$99,$220,Show all 27 amenities,False,https://maps.googleapis.com/maps/api/js/ViewportInfoService.GetViewportInfo?1m6&1m2&1d47.57585343390991&2d-122.41718745220874&2m2&1d47.63863978795211&2d-122.26123425023297&2u14&4sen&5e0&6sm%40487000000&7b0&8e0&callback=_xdc_._2x4c42&key=AIzaSyAytC_TusuhG7kpNQ19hMrCzXDIUjd307o&token=77096,$267
78,4 guests,1 bedroom,2 beds,1 bath,$100,$79,Show all 18 amenities,False,https://maps.googleapis.com/maps/api/js/ViewportInfoService.GetViewportInfo?1m6&1m2&1d47.55719931954362&2d-122.36780218574631&2m2&1d47.62000918572059&2d-122.21381670737696&2u14&4sen&5e0&6sm%40487000000&7b0&8e0&callback=_xdc_._nwmpeh&key=AIzaSyAytC_TusuhG7kpNQ19hMrCzXDIUjd307o&token=29986,$85
79,3 guests,studio,1 bed,1 bath,$50,$85,Show all 32 amenities,False,https://maps.googleapis.com/maps/api/js/ViewportInfoService.GetViewportInfo?1m6&1m2&1d47.59157826218122&2d-122.37950109860702&2m2&1d47.65434528733024&2d-122.22562064985459&2u14&4sen&5e0&6sm%40487000000&7b0&8e0&callback=_xdc_._dpre4s&key=AIzaSyAytC_TusuhG7kpNQ19hMrCzXDIUjd307o&token=84211,$101
80,3 guests,2 bedrooms,0 beds,1 bath,$85,$99,Show all 30 amenities,True,https://maps.googleapis.com/maps/api/js/ViewportInfoService.GetViewportInfo?1m6&1m2&1d47.6393847186354&2d-122.46052792832404&2m2&1d47.70209473673636&2d-122.30476433497648&2u14&4sen&5e0&6sm%40487000000&7b0&8e0&callback=_xdc_._7sn0df&key=AIzaSyAytC_TusuhG7kpNQ19hMrCzXDIUjd307o&token=101010,$113
81,4 guests,2 bedrooms,2 beds,1 bath,$129,$259,Show all 22 amenities,False,https://maps.googleapis.com/maps/api/js/ViewportInfoService.GetViewportInfo?1m6&1m2&1d47.576596206168304&2d-122.40578610993146&2m2&1d47.63938086762976&2d-122.25186242376788&2u14&4sen&5e0&6sm%40487000000&7b0&8e0&callback=_xdc_._s6rx45&key=AIzaSyAytC_TusuhG7kpNQ19hMrCzXDIUjd307o&token=80673,$313
82,2 guests,1 bedroom,1 bed,1 bath,$20,$71,Show all 24 amenities,True,https://maps.googleapis.com/maps/api/js/ViewportInfoService.GetViewportInfo?1m6&1m2&1d47.58846240088579&2d-122.37900989638052&2m2&1d47.65123332822931&2d-122.22309501233372&2u14&4sen&5e0&6sm%40487000000&7b0&8e0&callback=_xdc_._4nle8y&key=AIzaSyAytC_TusuhG7kpNQ19hMrCzXDIUjd307o&token=89010,$89
83,2 guests,1 bedroom,1 bed,1 bath,$70,$76,Show all 32 amenities,True,https://maps.googleapis.com/maps/api/js/ViewportInfoService.GetViewportInfo?1m6&1m2&1d47.579354999894804&2d-122.38018493077271&2m2&1d47.642137956732874&2d-122.22424016701365&2u14&4sen&5e0&6sm%40487000000&7b0&8e0&callback=_xdc_._acdz7h&key=AIzaSyAytC_TusuhG7kpNQ19hMrCzXDIUjd307o&token=43617,$87
84,4 guests,1 bedroom,2 beds,1 bath,$55,$91,Show all 30 amenities,False,https://maps.googleapis.com/maps/api/js/ViewportInfoService.GetViewportInfo?1m6&1m2&1d47.58555494919575&2d-122.40133064828876&2m2&1d47.64833005466514&2d-122.2454053863164&2u14&4sen&5e0&6sm%40487000000&7b0&8e0&callback=_xdc_._xmmy54&key=AIzaSyAytC_TusuhG7kpNQ19hMrCzXDIUjd307o&token=103217,$108
85,3 guests,1 bedroom,2 beds,1 bath,$50,$99,Show all 33 amenities,True,https://maps.googleapis.com/maps/api/js/ViewportInfoService.GetViewportInfo?1m6&1m2&1d47.535683763898255&2d-122.44918095944303&2m2&1d47.59851875437587&2d-122.29513388601401&2u14&4sen&5e0&6sm%40487000000&7b0&8e0&callback=_xdc_._a8jkst&key=AIzaSyAytC_TusuhG7kpNQ19hMrCzXDIUjd307o&token=48101,$120
86,2 guests,1 bedroom,1 bed,1 bath,$35,$85,Show all 30 amenities,True,https://maps.googleapis.com/maps/api/js/ViewportInfoService.GetViewportInfo?1m6&1m2&1d47.52852607299575&2d-122.36796292677201&2m2&1d47.59137035997647&2d-122.21389306191605&2u14&4sen&5e0&6sm%40487000000&7b0&8e0&callback=_xdc_._sj3hc5&key=AIzaSyAytC_TusuhG7kpNQ19hMrCzXDIUjd307o&token=127887,$104
87,3 guests,1 bedroom,2 beds,1 bath,$40,$75,Show all 28 amenities,True,https://maps.googleapis.com/maps/api/js/ViewportInfoService.GetViewportInfo?1m6&1m2&1d47.64604345372965&2d-122.46667485960984&2m2&1d47.708746261806816&2d-122.31295184625935&2u14&4sen&5e0&6sm%40487000000&7b0&8e0&callback=_xdc_._zeizxl&key=AIzaSyAytC_TusuhG7kpNQ19hMrCzXDIUjd307o&token=129756,$91
88,7 guests,2 bedrooms,3 beds,1 bath,$103,$131,Show all 31 amenities,True,https://maps.googleapis.com/maps/api/js/ViewportInfoService.GetViewportInfo?1m6&1m2&1d47.587320423797415&2d-122.43392800750973&2m2&1d47.6500925157568&2d-122.28003513689964&2u14&4sen&5e0&6sm%40487000000&7b0&8e0&callback=_xdc_._a9kfqg&key=AIzaSyAytC_TusuhG7kpNQ19hMrCzXDIUjd307o&token=103529,$152
89,3 guests,1 bedroom,1 bed,1 bath,$69,$79,Show all 29 amenities,False,https://maps.googleapis.com/maps/api/js/ViewportInfoService.GetViewportInfo?1m6&1m2&1d47.5820186720531&2d-122.42811282001065&2m2&1d47.64479712705964&2d-122.27217923822019&2u14&4sen&5e0&6sm%40487000000&7b0&8e0&callback=_xdc_._aw1co&key=AIzaSyAytC_TusuhG7kpNQ19hMrCzXDIUjd307o&token=32943,$91
90,6 guests,2 bedrooms,3 beds,1 bath,0,$74,Show all 38 amenities,True,https://maps.googleapis.com/maps/api/js/ViewportInfoService.GetViewportInfo?1m6&1m2&1d47.512593634944764&2d-122.47217637996113&2m2&1d47.57545707509343&2d-122.31805955895152&2u14&4sen&5e0&6sm%40487000000&7b0&8e0&callback=_xdc_._qssshe&key=AIzaSyAytC_TusuhG7kpNQ19hMrCzXDIUjd307o&token=100863,$95
91,2 guests,studio,1 bed,1 bath,$15,$50,Show all 14 amenities,True,https://maps.googleapis.com/maps/api/js/ViewportInfoService.GetViewportInfo?1m6&1m2&1d47.6571368871433&2d-122.39959186595706&2m2&1d47.71982502069876&2d-122.24388263099672&2u14&4sen&5e0&6sm%40487000000&7b0&8e0&callback=_xdc_._8ygm2b&key=AIzaSyAytC_TusuhG7kpNQ19hMrCzXDIUjd307o&token=31939,$62
92,2 guests,studio,1 bed,1 bath,$65,$89,Show all 23 amenities,False,https://maps.googleapis.com/maps/api/js/ViewportInfoService.GetViewportInfo?1m6&1m2&1d47.580515951302424&2d-122.40834021999751&2m2&1d47.643297767701945&2d-122.25239828894064&2u14&4sen&5e0&6sm%40487000000&7b0&8e0&callback=_xdc_._h55y0z&key=AIzaSyAytC_TusuhG7kpNQ19hMrCzXDIUjd307o&token=98061,$104
93,2 guests,1 bedroom,1 bed,1 bath,$38,$61,Show all 28 amenities,True,https://maps.googleapis.com/maps/api/js/ViewportInfoService.GetViewportInfo?1m6&1m2&1d47.61614439971633&2d-122.4707148227148&2m2&1d47.67888243424503&2d-122.31488164017577&2u14&4sen&5e0&6sm%40487000000&7b0&8e0&callback=_xdc_._a7vc1h&key=AIzaSyAytC_TusuhG7kpNQ19hMrCzXDIUjd307o&token=71888,$73
94,3 guests,studio,2 beds,1 bath,$65,$86,Show all 33 amenities,True,https://maps.googleapis.com/maps/api/js/ViewportInfoService.GetViewportInfo?1m6&1m2&1d47.6360997425019&2d-122.38676375428452&2m2&1d47.69881342543465&2d-122.23099105796769&2u14&4sen&5e0&6sm%40487000000&7b0&8e0&callback=_xdc_._8xz32o&key=AIzaSyAytC_TusuhG7kpNQ19hMrCzXDIUjd307o&token=66045,$100
95,4 guests,studio,2 beds,1 bath,$55,$87,Show all 34 amenities,False,https://maps.googleapis.com/maps/api/js/ViewportInfoService.GetViewportInfo?1m6&1m2&1d47.58796665530487&2d-122.40116677644414&2m2&1d47.65073959970359&2d-122.24727181598274&2u14&4sen&5e0&6sm%40487000000&7b0&8e0&callback=_xdc_._d490o2&key=AIzaSyAytC_TusuhG7kpNQ19hMrCzXDIUjd307o&token=20010,$103
96,4 guests,1 bedroom,2 beds,1 bath,$40,$46,Show all 16 amenities,False,https://maps.googleapis.com/maps/api/js/ViewportInfoService.GetViewportInfo?1m6&1m2&1d47.50358235282198&2d-122.35285682685901&2m2&1d47.56645533774801&2d-122.19871660575006&2u14&4sen&5e0&6sm%40487000000&7b0&8e0&callback=_xdc_._1uzxrf&key=AIzaSyAytC_TusuhG7kpNQ19hMrCzXDIUjd307o&token=117390,$53
97,6 guests,2 bedrooms,3 beds,2 baths,$99,$177,Show all 24 amenities,False,https://maps.googleapis.com/maps/api/js/ViewportInfoService.GetViewportInfo?1m6&1m2&1d47.573412519852766&2d-122.41525371625431&2m2&1d47.63620099857022&2d-122.26132067165668&2u14&4sen&5e0&6sm%40487000000&7b0&8e0&callback=_xdc_._djczbs&key=AIzaSyAytC_TusuhG7kpNQ19hMrCzXDIUjd307o&token=116951,$213
98,6 guests,2 bedrooms,3 beds,2 baths,$99,$220,Show all 25 amenities,False,https://maps.googleapis.com/maps/api/js/ViewportInfoService.GetViewportInfo?1m6&1m2&1d47.57521057221555&2d-122.41669406891344&2m2&1d47.63799875084124&2d-122.26073633490773&2u14&4sen&5e0&6sm%40487000000&7b0&8e0&callback=_xdc_._cc4jah&key=AIzaSyAytC_TusuhG7kpNQ19hMrCzXDIUjd307o&token=54576,$267
99,4 guests,2 bedrooms,2 beds,2 baths,$129,$284,Show all 15 amenities,False,https://maps.googleapis.com/maps/api/js/ViewportInfoService.GetViewportInfo?1m6&1m2&1d47.57957333936034&2d-122.41720131518474&2m2&1d47.6423565843065&2d-122.26328110176837&2u14&4sen&5e0&6sm%40487000000&7b0&8e0&callback=_xdc_._dw1k3p&key=AIzaSyAytC_TusuhG7kpNQ19hMrCzXDIUjd307o&token=15306,$345
100,4 guests,studio,1 bed,1 bath,$109,$101,Show all 38 amenities,False,https://maps.googleapis.com/maps/api/js/ViewportInfoService.GetViewportInfo?1m6&1m2&1d47.5842670716906&2d-122.42550217406279&2m2&1d47.64704314962159&2d-122.26957449662126&2u14&4sen&5e0&6sm%40487000000&7b0&8e0&callback=_xdc_._bngx16&key=AIzaSyAytC_TusuhG7kpNQ19hMrCzXDIUjd307o&token=21517,$112
101,2 guests,1 bedroom,1 bed,1 bath,$45,$64,Show all 26 amenities,False,https://maps.googleapis.com/maps/api/js/ViewportInfoService.GetViewportInfo?1m6&1m2&1d47.6042603872762&2d-122.40025568046224&2m2&1d47.66701210186588&2d-122.24641276727459&2u14&4sen&5e0&6sm%40487000000&7b0&8e0&callback=_xdc_._pv1d2y&key=AIzaSyAytC_TusuhG7kpNQ19hMrCzXDIUjd307o&token=93370,$75
102,4 guests,1 bedroom,1 bed,1 bath,$25,$68,Show all 35 amenities,False,https://maps.googleapis.com/maps/api/js/ViewportInfoService.GetViewportInfo?1m6&1m2&1d47.75199439389847&2d-122.4289519369795&2m2&1d47.81456833929353&2d-122.27352633067562&2u14&4sen&5e0&6sm%40487000000&7b0&8e0&callback=_xdc_._sapzde&key=AIzaSyAytC_TusuhG7kpNQ19hMrCzXDIUjd307o&token=66132,$84
103,2 guests,studio,1 bed,1 bath,$50,$87,Show all 17 amenities,True,https://maps.googleapis.com/maps/api/js/ViewportInfoService.GetViewportInfo?1m6&1m2&1d47.572951318350164&2d-122.40104943874911&2m2&1d47.63574186166642&2d-122.24711133255443&2u14&4sen&5e0&6sm%40487000000&7b0&8e0&callback=_xdc_._via0g5&key=AIzaSyAytC_TusuhG7kpNQ19hMrCzXDIUjd307o&token=125538,$104
104,2 guests,studio,1 bed,1 bath,$50,$71,Show all 24 amenities,True,https://maps.googleapis.com/maps/api/js/ViewportInfoService.GetViewportInfo?1m6&1m2&1d47.62995606349144&2d-122.41026174747446&2m2&1d47.692677640228545&2d-122.2564927206351&2u14&4sen&5e0&6sm%40487000000&7b0&8e0&callback=_xdc_._71r3ss&key=AIzaSyAytC_TusuhG7kpNQ19hMrCzXDIUjd307o&token=18725,$83
105,3 guests,1 bedroom,1 bed,1 bath,$50,$64,Show all 23 amenities,False,https://maps.googleapis.com/maps/api/js/ViewportInfoService.GetViewportInfo?1m6&1m2&1d47.49508135472049&2d-122.42347099684338&2m2&1d47.557964566559406&2d-122.26727721259834&2u14&4sen&5e0&6sm%40487000000&7b0&8e0&callback=_xdc_._li4d3o&key=AIzaSyAytC_TusuhG7kpNQ19hMrCzXDIUjd307o&token=81937,$75
106,2 guests,studio,1 bed,1 bath,$65,$87,Show all 33 amenities,False,https://maps.googleapis.com/maps/api/js/ViewportInfoService.GetViewportInfo?1m6&1m2&1d47.58860803963778&2d-122.39355854633249&2m2&1d47.65137915908416&2d-122.2396680599478&2u14&4sen&5e0&6sm%40487000000&7b0&8e0&callback=_xdc_._7aun3d&key=AIzaSyAytC_TusuhG7kpNQ19hMrCzXDIUjd307o&token=118506,$101
107,2 guests,studio,0 beds,1 bath,0,$101,Show all 26 amenities,True,https://maps.googleapis.com/maps/api/js/ViewportInfoService.GetViewportInfo?1m6&1m2&1d47.58296092244859&2d-122.39090063544063&2m2&1d47.64573794881774&2d-122.23497060220109&2u14&4sen&5e0&6sm%40487000000&7b0&8e0&callback=_xdc_._t1fvec&key=AIzaSyAytC_TusuhG7kpNQ19hMrCzXDIUjd307o&token=74836,$130
108,4 guests,2 bedrooms,2 beds,1 bath,$50,$70,Show all 16 amenities,False,https://maps.googleapis.com/maps/api/js/ViewportInfoService.GetViewportInfo?1m6&1m2&1d47.64644974362081&2d-122.42409093186234&2m2&1d47.709150424609575&2d-122.27037313330925&2u14&4sen&5e0&6sm%40487000000&7b0&8e0&callback=_xdc_._8d8qki&key=AIzaSyAytC_TusuhG7kpNQ19hMrCzXDIUjd307o&token=108573,$82
109,2 guests,1 bedroom,1 bed,1 bath,$50,$55,Show all 31 amenities,False,https://maps.googleapis.com/maps/api/js/ViewportInfoService.GetViewportInfo?1m6&1m2&1d47.64310708833625&2d-122.39583593177304&2m2&1d47.70581401822792&2d-122.24008000913886&2u14&4sen&5e0&6sm%40487000000&7b0&8e0&callback=_xdc_._qnbbcd&key=AIzaSyAytC_TusuhG7kpNQ19hMrCzXDIUjd307o&token=78884,$63
110,3 guests,1 bedroom,1 bed,1 bath,$68,$165,Show all 32 amenities,True,https://maps.googleapis.com/maps/api/js/ViewportInfoService.GetViewportInfo?1m6&1m2&1d47.576696267746655&2d-122.41819544539095&2m2&1d47.63948106125481&2d-122.26427143549995&2u14&4sen&5e0&6sm%40487000000&7b0&8e0&callback=_xdc_._b6dmv4&key=AIzaSyAytC_TusuhG7kpNQ19hMrCzXDIUjd307o&token=18643,$202
111,4 guests,studio,3 beds,1 bath,$100,$102,Show all 40 amenities,False,https://maps.googleapis.com/maps/api/js/ViewportInfoService.GetViewportInfo?1m6&1m2&1d47.582482729339695&2d-122.42525657289633&2m2&1d47.64526179661112&2d-122.2713466015212&2u14&4sen&5e0&6sm%40487000000&7b0&8e0&callback=_xdc_._h8zra0&key=AIzaSyAytC_TusuhG7kpNQ19hMrCzXDIUjd307o&token=73268,$115
112,4 guests,1 bedroom,2 beds,1 bath,$40,$78,Show all 27 amenities,False,https://maps.googleapis.com/maps/api/js/ViewportInfoService.GetViewportInfo?1m6&1m2&1d47.6352175081757&2d-122.4443176957796&2m2&1d47.697932693037394&2d-122.28854126886506&2u14&4sen&5e0&6sm%40487000000&7b0&8e0&callback=_xdc_._1p6c6e&key=AIzaSyAytC_TusuhG7kpNQ19hMrCzXDIUjd307o&token=76576,$94
113,2 guests,studio,1 bed,1 bath,$25,$54,Show all 16 amenities,True,https://maps.googleapis.com/maps/api/js/ViewportInfoService.GetViewportInfo?1m6&1m2&1d47.731758388952194&2d-122.34531936172345&2m2&1d47.794358740522085&2d-122.18982816588857&2u14&4sen&5e0&6sm%40487000000&7b0&8e0&callback=_xdc_._7g05i1&key=AIzaSyAytC_TusuhG7kpNQ19hMrCzXDIUjd307o&token=14574,$65
114,4 guests,2 bedrooms,2 beds,1 bath,$90,$89,Show all 30 amenities,False,https://maps.googleapis.com/maps/api/js/ViewportInfoService.GetViewportInfo?1m6&1m2&1d47.56111425175709&2d-122.46845103589692&2m2&1d47.62391858562165&2d-122.31245317436236&2u14&4sen&5e0&6sm%40487000000&7b0&8e0&callback=_xdc_._hf7blf&key=AIzaSyAytC_TusuhG7kpNQ19hMrCzXDIUjd307o&token=9170,$100
115,4 guests,1 bedroom,1 bed,1 bath,$75,$95,Show all 30 amenities,True,https://maps.googleapis.com/maps/api/js/ViewportInfoService.GetViewportInfo?1m6&1m2&1d47.593870486573486&2d-122.37498276894007&2m2&1d47.65663519432368&2d-122.21908333356055&2u14&4sen&5e0&6sm%40487000000&7b0&8e0&callback=_xdc_._l0m7hu&key=AIzaSyAytC_TusuhG7kpNQ19hMrCzXDIUjd307o&token=80744,$110
116,6 guests,2 bedrooms,3 beds,2 baths,$69,$132,Show all 37 amenities,False,https://maps.googleapis.com/maps/api/js/ViewportInfoService.GetViewportInfo?1m6&1m2&1d47.6517853901934&2d-122.45428883756983&2m2&1d47.7144797857072&2d-122.29856404871299&2u14&4sen&5e0&6sm%40487000000&7b0&8e0&callback=_xdc_._m4nx2p&key=AIzaSyAytC_TusuhG7kpNQ19hMrCzXDIUjd307o&token=38854,$159
117,6 guests,2 bedrooms,3 beds,2 baths,$99,$220,Show all 25 amenities,False,https://maps.googleapis.com/maps/api/js/ViewportInfoService.GetViewportInfo?1m6&1m2&1d47.57603535208497&2d-122.41563017093944&2m2&1d47.63882194620649&2d-122.25967637263761&2u14&4sen&5e0&6sm%40487000000&7b0&8e0&callback=_xdc_._ygokv4&key=AIzaSyAytC_TusuhG7kpNQ19hMrCzXDIUjd307o&token=29609,$267
118,6 guests,2 bedrooms,3 beds,2 baths,$99,$177,Show all 25 amenities,False,https://maps.googleapis.com/maps/api/js/ViewportInfoService.GetViewportInfo?1m6&1m2&1d47.576099023255125&2d-122.41579400019424&2m2&1d47.63888570140416&2d-122.26186536989337&2u14&4sen&5e0&6sm%40487000000&7b0&8e0&callback=_xdc_._uqf9c3&key=AIzaSyAytC_TusuhG7kpNQ19hMrCzXDIUjd307o&token=91728,$213
119,4 guests,2 bedrooms,2 beds,2 baths,$129,$273,Show all 21 amenities,False,https://maps.googleapis.com/maps/api/js/ViewportInfoService.GetViewportInfo?1m6&1m2&1d47.58899944189049&2d-122.41481411196878&2m2&1d47.6517710776108&2d-122.26092235988028&2u14&4sen&5e0&6sm%40487000000&7b0&8e0&callback=_xdc_._sq784z&key=AIzaSyAytC_TusuhG7kpNQ19hMrCzXDIUjd307o&token=115195,$332
120,2 guests,1 bedroom,1 bed,1 bath,$60,$84,Show all 27 amenities,True,https://maps.googleapis.com/maps/api/js/ViewportInfoService.GetViewportInfo?1m6&1m2&1d47.525913831572026&2d-122.3615399535978&2m2&1d47.588760025693034&2d-122.20543811658752&2u14&4sen&5e0&6sm%40487000000&7b0&8e0&callback=_xdc_._h9bhsc&key=AIzaSyAytC_TusuhG7kpNQ19hMrCzXDIUjd307o&token=2613,$99
121,4 guests,1 bedroom,2 beds,1 bath,$60,$99,Show all 28 amenities,False,https://maps.googleapis.com/maps/api/js/ViewportInfoService.GetViewportInfo?1m6&1m2&1d47.58108540764403&2d-122.40662035727723&2m2&1d47.64386530326595&2d-122.25068319718406&2u14&4sen&5e0&6sm%40487000000&7b0&8e0&callback=_xdc_._nm3mgi&key=AIzaSyAytC_TusuhG7kpNQ19hMrCzXDIUjd307o&token=24815,$119
122,4 guests,1 bedroom,2 beds,1 bath,$100,$90,Show all 31 amenities,False,https://maps.googleapis.com/maps/api/js/ViewportInfoService.GetViewportInfo?1m6&1m2&1d47.66352076158803&2d-122.46772956384956&2m2&1d47.726201334430236&2d-122.3120391087254&2u14&4sen&5e0&6sm%40487000000&7b0&8e0&callback=_xdc_._jzlnkp&key=AIzaSyAytC_TusuhG7kpNQ19hMrCzXDIUjd307o&token=119503,$99
123,4 guests,2 bedrooms,2 beds,2 baths,$75,$118,Show all 37 amenities,True,https://maps.googleapis.com/maps/api/js/ViewportInfoService.GetViewportInfo?1m6&1m2&1d47.63509886721027&2d-122.35702092023035&2m2&1d47.69781389587261&2d-122.2032679467356&2u14&4sen&5e0&6sm%40487000000&7b0&8e0&callback=_xdc_._nnxzyn&key=AIzaSyAytC_TusuhG7kpNQ19hMrCzXDIUjd307o&token=49281,$140
124,3 guests,1 bedroom,1 bed,1 bath,$100,$106,Show all 16 amenities,False,https://maps.googleapis.com/maps/api/js/ViewportInfoService.GetViewportInfo?1m6&1m2&1d47.58553674773167&2d-122.42558386133936&2m2&1d47.648311829189595&2d-122.26965865900843&2u14&4sen&5e0&6sm%40487000000&7b0&8e0&callback=_xdc_._k202xb&key=AIzaSyAytC_TusuhG7kpNQ19hMrCzXDIUjd307o&token=74853,$120
125,4 guests,1 bedroom,2 beds,1 bath,$60,$116,Show all 40 amenities,False,https://maps.googleapis.com/maps/api/js/ViewportInfoService.GetViewportInfo?1m6&1m2&1d47.58443997636272&2d-122.42392198361597&2m2&1d47.64721628240014&2d-122.2700187817178&2u14&4sen&5e0&6sm%40487000000&7b0&8e0&callback=_xdc_._148idj&key=AIzaSyAytC_TusuhG7kpNQ19hMrCzXDIUjd307o&token=18113,$140
126,2 guests,1 bedroom,1 bed,1 bath,$70,$86,Show all 33 amenities,True,https://maps.googleapis.com/maps/api/js/ViewportInfoService.GetViewportInfo?1m6&1m2&1d47.579118464564054&2d-122.39982899769541&2m2&1d47.64190110928382&2d-122.24591025580179&2u14&4sen&5e0&6sm%40487000000&7b0&8e0&callback=_xdc_._z1y1qa&key=AIzaSyAytC_TusuhG7kpNQ19hMrCzXDIUjd307o&token=53949,$100
127,2 guests,1 bedroom,2 beds,1 bath,$15,$79,Show all 21 amenities,True,https://maps.googleapis.com/maps/api/js/ViewportInfoService.GetViewportInfo?1m6&1m2&1d47.58006104859693&2d-122.40716991143677&2m2&1d47.642842264758784&2d-122.25325467181415&2u14&4sen&5e0&6sm%40487000000&7b0&8e0&callback=_xdc_._80ra3&key=AIzaSyAytC_TusuhG7kpNQ19hMrCzXDIUjd307o&token=89255,$99
128,6 guests,3 bedrooms,3 beds,2 baths,$105,$213,Show all 18 amenities,False,https://maps.googleapis.com/maps/api/js/ViewportInfoService.GetViewportInfo?1m6&1m2&1d47.58261921610619&2d-122.42763287753166&2m2&1d47.64539846345464&2d-122.27169732766612&2u14&4sen&5e0&6sm%40487000000&7b0&8e0&callback=_xdc_._77r1ld&key=AIzaSyAytC_TusuhG7kpNQ19hMrCzXDIUjd307o&token=69035,$257
129,4 guests,studio,2 beds,1 bath,$55,$88,Show all 32 amenities,False,https://maps.googleapis.com/maps/api/js/ViewportInfoService.GetViewportInfo?1m6&1m2&1d47.58667893135708&2d-122.40306303675493&2m2&1d47.649452848245254&2d-122.24714072706496&2u14&4sen&5e0&6sm%40487000000&7b0&8e0&callback=_xdc_._rapmzp&key=AIzaSyAytC_TusuhG7kpNQ19hMrCzXDIUjd307o&token=56740,$105
130,2 guests,studio,1 bed,1 bath,$55,$88,Show all 23 amenities,False,https://maps.googleapis.com/maps/api/js/ViewportInfoService.GetViewportInfo?1m6&1m2&1d47.58872637077936&2d-122.43436048034948&2m2&1d47.651497646308854&2d-122.27844473145365&2u14&4sen&5e0&6sm%40487000000&7b0&8e0&callback=_xdc_._7e9x54&key=AIzaSyAytC_TusuhG7kpNQ19hMrCzXDIUjd307o&token=104049,$105
131,2 guests,1 bedroom,0 beds,1 bath,$95,$123,Show all 34 amenities,False,https://maps.googleapis.com/maps/api/js/ViewportInfoService.GetViewportInfo?1m6&1m2&1d47.61132066391392&2d-122.40135211620668&2m2&1d47.67406567690467&2d-122.24752563274552&2u14&4sen&5e0&6sm%40487000000&7b0&8e0&callback=_xdc_._7uvibf&key=AIzaSyAytC_TusuhG7kpNQ19hMrCzXDIUjd307o&token=59142,$144
132,2 guests,studio,1 bed,1 bath,0,$86,Show all 30 amenities,True,https://maps.googleapis.com/maps/api/js/ViewportInfoService.GetViewportInfo?1m6&1m2&1d47.6239363857513&2d-122.411829518574&2m2&1d47.68666602365053&2d-122.25804072888559&2u14&4sen&5e0&6sm%40487000000&7b0&8e0&callback=_xdc_._ljlgpb&key=AIzaSyAytC_TusuhG7kpNQ19hMrCzXDIUjd307o&token=33611,$111
133,2 guests,studio,1 bed,1 bath,$50,$68,Show all 31 amenities,True,https://maps.googleapis.com/maps/api/js/ViewportInfoService.GetViewportInfo?1m6&1m2&1d47.51461893056682&2d-122.47505414763168&2m2&1d47.577479684529244&2d-122.32094391211086&2u14&4sen&5e0&6sm%40487000000&7b0&8e0&callback=_xdc_._avx48w&key=AIzaSyAytC_TusuhG7kpNQ19hMrCzXDIUjd307o&token=4751,$79
134,5 guests,1 bedroom,4 beds,1 bath,$90,$122,Show all 35 amenities,True,https://maps.googleapis.com/maps/api/js/ViewportInfoService.GetViewportInfo?1m6&1m2&1d47.57980630139981&2d-122.40651453431548&2m2&1d47.64258718142634&2d-122.25260011876651&2u14&4sen&5e0&6sm%40487000000&7b0&8e0&callback=_xdc_._mkfq9s&key=AIzaSyAytC_TusuhG7kpNQ19hMrCzXDIUjd307o&token=64445,$142
135,3 guests,1 bedroom,2 beds,1 bath,$80,$107,Show all 38 amenities,False,https://maps.googleapis.com/maps/api/js/ViewportInfoService.GetViewportInfo?1m6&1m2&1d47.627487720089896&2d-122.42645819616291&2m2&1d47.69021137527162&2d-122.27066073006637&2u14&4sen&5e0&6sm%40487000000&7b0&8e0&callback=_xdc_._du74fh&key=AIzaSyAytC_TusuhG7kpNQ19hMrCzXDIUjd307o&token=99166,$125
136,6 guests,2 bedrooms,2 beds,1 bath,$55,$157,Show all 38 amenities,False,https://maps.googleapis.com/maps/api/js/ViewportInfoService.GetViewportInfo?1m6&1m2&1d47.57916395217388&2d-122.42019850240729&2m2&1d47.64194665691646&2d-122.26425436482089&2u14&4sen&5e0&6sm%40487000000&7b0&8e0&callback=_xdc_._z2de5v&key=AIzaSyAytC_TusuhG7kpNQ19hMrCzXDIUjd307o&token=27805,$193
137,2 guests,studio,1 bed,1 bath,$65,$85,Show all 28 amenities,False,https://maps.googleapis.com/maps/api/js/ViewportInfoService.GetViewportInfo?1m6&1m2&1d47.595257765528444&2d-122.385491807498&2m2&1d47.6580216327537&2d-122.22959445987397&2u14&4sen&5e0&6sm%40487000000&7b0&8e0&callback=_xdc_._qit8kc&key=AIzaSyAytC_TusuhG7kpNQ19hMrCzXDIUjd307o&token=77385,$99
138,4 guests,1 bedroom,2 beds,1 bath,$50,$92,Show all 27 amenities,False,https://maps.googleapis.com/maps/api/js/ViewportInfoService.GetViewportInfo?1m6&1m2&1d47.58975903932131&2d-122.38726143954807&2m2&1d47.652529006143375&2d-122.2313489413126&2u14&4sen&5e0&6sm%40487000000&7b0&8e0&callback=_xdc_._cri7ao&key=AIzaSyAytC_TusuhG7kpNQ19hMrCzXDIUjd307o&token=43499,$110
139,4 guests,2 bedrooms,2 beds,2 baths,$129,$273,Show all 21 amenities,False,https://maps.googleapis.com/maps/api/js/ViewportInfoService.GetViewportInfo?1m6&1m2&1d47.58781192447429&2d-122.41494328250582&2m2&1d47.650584664768694&2d-122.25902389532291&2u14&4sen&5e0&6sm%40487000000&7b0&8e0&callback=_xdc_._m1ntkk&key=AIzaSyAytC_TusuhG7kpNQ19hMrCzXDIUjd307o&token=119778,$332
140,4 guests,2 bedrooms,2 beds,2 baths,$129,$259,Show all 22 amenities,False,https://maps.googleapis.com/maps/api/js/ViewportInfoService.GetViewportInfo?1m6&1m2&1d47.57946416966095&2d-122.40679412651889&2m2&1d47.64224727055311&2d-122.25084900494801&2u14&4sen&5e0&6sm%40487000000&7b0&8e0&callback=_xdc_._9yal69&key=AIzaSyAytC_TusuhG7kpNQ19hMrCzXDIUjd307o&token=114525,$313
141,4 guests,1 bedroom,2 beds,1 bath,$50,$95,Show all 31 amenities,True,https://maps.googleapis.com/maps/api/js/ViewportInfoService.GetViewportInfo?1m6&1m2&1d47.60989810646337&2d-122.46362022929429&2m2&1d47.67264391214742&2d-122.30979180245595&2u14&4sen&5e0&6sm%40487000000&7b0&8e0&callback=_xdc_._wjved2&key=AIzaSyAytC_TusuhG7kpNQ19hMrCzXDIUjd307o&token=60175,$115
142,2 guests,studio,1 bed,1 bath,$50,$91,Show all 17 amenities,True,https://maps.googleapis.com/maps/api/js/ViewportInfoService.GetViewportInfo?1m6&1m2&1d47.5738581678294&2d-122.40019682135977&2m2&1d47.63664723472325&2d-122.24423688101052&2u14&4sen&5e0&6sm%40487000000&7b0&8e0&callback=_xdc_._cqgv0b&key=AIzaSyAytC_TusuhG7kpNQ19hMrCzXDIUjd307o&token=73278,$110
143,2 guests,studio,1 bed,1 bath,$45,$99,Show all 33 amenities,False,https://maps.googleapis.com/maps/api/js/ViewportInfoService.GetViewportInfo?1m6&1m2&1d47.573794504033&2d-122.418262083777&2m2&1d47.63658348690191&2d-122.2623023521349&2u14&4sen&5e0&6sm%40487000000&7b0&8e0&callback=_xdc_._lyzr0w&key=AIzaSyAytC_TusuhG7kpNQ19hMrCzXDIUjd307o&token=39890,$120
144,4 guests,2 bedrooms,2 beds,1 bath,$50,$84,Show all 19 amenities,True,https://maps.googleapis.com/maps/api/js/ViewportInfoService.GetViewportInfo?1m6&1m2&1d47.64153162951988&2d-122.3808026318764&2m2&1d47.70423914822382&2d-122.22504524670853&2u14&4sen&5e0&6sm%40487000000&7b0&8e0&callback=_xdc_._ai3cpo&key=AIzaSyAytC_TusuhG7kpNQ19hMrCzXDIUjd307o&token=90428,$100
145,2 guests,studio,1 bed,1 bath,$60,$73,Show all 26 amenities,True,https://maps.googleapis.com/maps/api/js/ViewportInfoService.GetViewportInfo?1m6&1m2&1d47.618532651222516&2d-122.39966391037996&2m2&1d47.681268499594296&2d-122.2458598950169&2u14&4sen&5e0&6sm%40487000000&7b0&8e0&callback=_xdc_._r5hzzn&key=AIzaSyAytC_TusuhG7kpNQ19hMrCzXDIUjd307o&token=24021,$84
146,4 guests,1 bedroom,1 bed,1 bath,$60,$45,Show all 31 amenities,True,https://maps.googleapis.com/maps/api/js/ViewportInfoService.GetViewportInfo?1m6&1m2&1d47.45902382076537&2d-122.25671884846264&2m2&1d47.52195067014277&2d-122.10244657256965&2u14&4sen&5e0&6sm%40487000000&7b0&8e0&callback=_xdc_._e7r4yk&key=AIzaSyAytC_TusuhG7kpNQ19hMrCzXDIUjd307o&token=121518,$49
147,3 guests,1 bedroom,2 beds,1 bath,$50,$82,Show all 27 amenities,False,https://maps.googleapis.com/maps/api/js/ViewportInfoService.GetViewportInfo?1m6&1m2&1d47.56417429907676&2d-122.367493690593&2m2&1d47.62697464846436&2d-122.21150572598509&2u14&4sen&5e0&6sm%40487000000&7b0&8e0&callback=_xdc_._3f6af9&key=AIzaSyAytC_TusuhG7kpNQ19hMrCzXDIUjd307o&token=54226,$98
148,3 guests,1 bedroom,1 bed,1 bath,$50,$94,Show all 20 amenities,True,https://maps.googleapis.com/maps/api/js/ViewportInfoService.GetViewportInfo?1m6&1m2&1d47.58636948640386&2d-122.40226707849592&2m2&1d47.649142995088056&2d-122.24837073462504&2u14&4sen&5e0&6sm%40487000000&7b0&8e0&callback=_xdc_._pbho5v&key=AIzaSyAytC_TusuhG7kpNQ19hMrCzXDIUjd307o&token=61607,$114
149,2 guests,1 bedroom,1 bed,1 bath,$25,$57,Show all 20 amenities,True,https://maps.googleapis.com/maps/api/js/ViewportInfoService.GetViewportInfo?1m6&1m2&1d47.651757985410796&2d-122.45219601479727&2m2&1d47.714452344868725&2d-122.29647131549854&2u14&4sen&5e0&6sm%40487000000&7b0&8e0&callback=_xdc_._u27xy7&key=AIzaSyAytC_TusuhG7kpNQ19hMrCzXDIUjd307o&token=31107,$70
150,4 guests,1 bedroom,2 beds,1 bath,$40,$103,Show all 37 amenities,True,https://maps.googleapis.com/maps/api/js/ViewportInfoService.GetViewportInfo?1m6&1m2&1d47.592993003337554&2d-122.40425389333666&2m2&1d47.65575922400902&2d-122.24835070005594&2u14&4sen&5e0&6sm%40487000000&7b0&8e0&callback=_xdc_._wwm56c&key=AIzaSyAytC_TusuhG7kpNQ19hMrCzXDIUjd307o&token=89535,$127
151,6 guests,2 bedrooms,3 beds,1.5 baths,$130,$100,Show all 31 amenities,True,https://maps.googleapis.com/maps/api/js/ViewportInfoService.GetViewportInfo?1m6&1m2&1d47.60197916093338&2d-122.47160277424916&2m2&1d47.6647332053301&2d-122.31572982526376&2u14&4sen&5e0&6sm%40487000000&7b0&8e0&callback=_xdc_._h6cszp&key=AIzaSyAytC_TusuhG7kpNQ19hMrCzXDIUjd307o&token=41655,$108
152,2 guests,1 bedroom,1 bed,1 bath,$75,$126,Show all 19 amenities,False,https://maps.googleapis.com/maps/api/js/ViewportInfoService.GetViewportInfo?1m6&1m2&1d47.57346708922164&2d-122.41539413340712&2m2&1d47.636255639960986&2d-122.26146091223967&2u14&4sen&5e0&6sm%40487000000&7b0&8e0&callback=_xdc_._rkj738&key=AIzaSyAytC_TusuhG7kpNQ19hMrCzXDIUjd307o&token=69986,$150
153,4 guests,studio,2 beds,1 bath,$85,$123,Show all 28 amenities,True,https://maps.googleapis.com/maps/api/js/ViewportInfoService.GetViewportInfo?1m6&1m2&1d47.56944810157707&2d-122.40969673932909&2m2&1d47.63224204175545&2d-122.25372469436991&2u14&4sen&5e0&6sm%40487000000&7b0&8e0&callback=_xdc_._704ysr&key=AIzaSyAytC_TusuhG7kpNQ19hMrCzXDIUjd307o&token=58465,$145
154,4 guests,1 bedroom,1 bed,1 bath,$15,$85,Show all 34 amenities,False,https://maps.googleapis.com/maps/api/js/ViewportInfoService.GetViewportInfo?1m6&1m2&1d47.652848574297785&2d-122.46193577082835&2m2&1d47.715541707846285&2d-122.30621411653044&2u14&4sen&5e0&6sm%40487000000&7b0&8e0&callback=_xdc_._5cushl&key=AIzaSyAytC_TusuhG7kpNQ19hMrCzXDIUjd307o&token=9654,$107
155,4 guests,studio,2 beds,1 bath,$75,$110,Show all 28 amenities,True,https://maps.googleapis.com/maps/api/js/ViewportInfoService.GetViewportInfo?1m6&1m2&1d47.5863148783688&2d-122.42237611070391&2m2&1d47.64908831501686&2d-122.26847994343774&2u14&4sen&5e0&6sm%40487000000&7b0&8e0&callback=_xdc_._f6c611&key=AIzaSyAytC_TusuhG7kpNQ19hMrCzXDIUjd307o&token=9071,$130
156,7 guests,2 bedrooms,2 beds,2 baths,$115,$231,Show all 26 amenities,False,https://maps.googleapis.com/maps/api/js/ViewportInfoService.GetViewportInfo?1m6&1m2&1d47.584294372532874&2d-122.42354737813747&2m2&1d47.64707048648081&2d-122.26761961123458&2u14&4sen&5e0&6sm%40487000000&7b0&8e0&callback=_xdc_._fiw53i&key=AIzaSyAytC_TusuhG7kpNQ19hMrCzXDIUjd307o&token=62033,$279
157,4 guests,1 bedroom,1 bed,1 bath,0,$100,Show all 32 amenities,True,https://maps.googleapis.com/maps/api/js/ViewportInfoService.GetViewportInfo?1m6&1m2&1d47.62474687118962&2d-122.40264118733563&2m2&1d47.68747491134117&2d-122.24885631470602&2u14&4sen&5e0&6sm%40487000000&7b0&8e0&callback=_xdc_._v9ezrv&key=AIzaSyAytC_TusuhG7kpNQ19hMrCzXDIUjd307o&token=53571,$129
158,6 guests,2 bedrooms,3 beds,1 bath,$80,$96,Show all 28 amenities,True,https://maps.googleapis.com/maps/api/js/ViewportInfoService.GetViewportInfo?1m6&1m2&1d47.57393092628695&2d-122.38620581956582&2m2&1d47.63672008920908&2d-122.23024564069476&2u14&4sen&5e0&6sm%40487000000&7b0&8e0&callback=_xdc_._nre4wd&key=AIzaSyAytC_TusuhG7kpNQ19hMrCzXDIUjd307o&token=62881,$111
159,4 guests,1 bedroom,0 beds,1 bath,0,$77,Show all 31 amenities,False,https://maps.googleapis.com/maps/api/js/ViewportInfoService.GetViewportInfo?1m6&1m2&1d47.70167718566394&2d-122.43747020614444&2m2&1d47.764312282142214&2d-122.28391319542345&2u14&4sen&5e0&6sm%40487000000&7b0&8e0&callback=_xdc_._jlvkpm&key=AIzaSyAytC_TusuhG7kpNQ19hMrCzXDIUjd307o&token=69835,$99
160,2 guests,1 bedroom,1 bed,1 bath,$75,$110,Show all 32 amenities,False,https://maps.googleapis.com/maps/api/js/ViewportInfoService.GetViewportInfo?1m6&1m2&1d47.605300645188436&2d-122.44630671520088&2m2&1d47.668051062740986&2d-122.29246698184625&2u14&4sen&5e0&6sm%40487000000&7b0&8e0&callback=_xdc_._doubsv&key=AIzaSyAytC_TusuhG7kpNQ19hMrCzXDIUjd307o&token=46283,$129
161,8 guests,4 bedrooms,4 beds,3.5 baths,$299,$313,Show all 38 amenities,True,https://maps.googleapis.com/maps/api/js/ViewportInfoService.GetViewportInfo?1m6&1m2&1d47.59533971598917&2d-122.4221461318275&2m2&1d47.658103691282506&2d-122.26624851577634&2u14&4sen&5e0&6sm%40487000000&7b0&8e0&callback=_xdc_._ikfd01&key=AIzaSyAytC_TusuhG7kpNQ19hMrCzXDIUjd307o&token=74818,$354
162,4 guests,1 bedroom,2 beds,1 bath,$40,$75,Show all 22 amenities,True,https://maps.googleapis.com/maps/api/js/ViewportInfoService.GetViewportInfo?1m6&1m2&1d47.65966428943207&2d-122.43816084945576&2m2&1d47.72235042770575&2d-122.28447870401055&2u14&4sen&5e0&6sm%40487000000&7b0&8e0&callback=_xdc_._l4a0q1&key=AIzaSyAytC_TusuhG7kpNQ19hMrCzXDIUjd307o&token=72259,$90
163,2 guests,studio,1 bed,1 bath,$40,$67,Show all 16 amenities,False,https://maps.googleapis.com/maps/api/js/ViewportInfoService.GetViewportInfo?1m6&1m2&1d47.57020066841967&2d-122.39021652066947&2m2&1d47.63299292819064&2d-122.23627420639224&2u14&4sen&5e0&6sm%40487000000&7b0&8e0&callback=_xdc_._98hvxd&key=AIzaSyAytC_TusuhG7kpNQ19hMrCzXDIUjd307o&token=83171,$79
164,4 guests,1 bedroom,3 beds,1 bath,$75,$86,Show all 33 amenities,True,https://maps.googleapis.com/maps/api/js/ViewportInfoService.GetViewportInfo?1m6&1m2&1d47.595476299756314&2d-122.26862403191609&2m2&1d47.65824045516266&2d-122.11475061866184&2u14&4sen&5e0&6sm%40487000000&7b0&8e0&callback=_xdc_._yqv67w&key=AIzaSyAytC_TusuhG7kpNQ19hMrCzXDIUjd307o&token=92274,$99
165,6 guests,2 bedrooms,3 beds,2 baths,$175,$243,Show all 42 amenities,True,https://maps.googleapis.com/maps/api/js/ViewportInfoService.GetViewportInfo?1m6&1m2&1d47.57786647002159&2d-122.41599527132576&2m2&1d47.64065013512335&2d-122.26207402785047&2u14&4sen&5e0&6sm%40487000000&7b0&8e0&callback=_xdc_._5glc5g&key=AIzaSyAytC_TusuhG7kpNQ19hMrCzXDIUjd307o&token=79882,$285
166,4 guests,2 bedrooms,2 beds,1 bath,$175,$157,Show all 24 amenities,False,https://maps.googleapis.com/maps/api/js/ViewportInfoService.GetViewportInfo?1m6&1m2&1d47.626841795027396&2d-122.36120332529066&2m2&1d47.68956726429606&2d-122.2074247554707&2u14&4sen&5e0&6sm%40487000000&7b0&8e0&callback=_xdc_._4ytfdl&key=AIzaSyAytC_TusuhG7kpNQ19hMrCzXDIUjd307o&token=79118,$174
167,2 guests,studio,1 bed,1 bath,$65,$94,Show all 25 amenities,False,https://maps.googleapis.com/maps/api/js/ViewportInfoService.GetViewportInfo?1m6&1m2&1d47.582364440595036&2d-122.40672609156138&2m2&1d47.64514335179943&2d-122.25079137663431&2u14&4sen&5e0&6sm%40487000000&7b0&8e0&callback=_xdc_._jyd55x&key=AIzaSyAytC_TusuhG7kpNQ19hMrCzXDIUjd307o&token=62473,$110
168,2 guests,studio,1 bed,1 bath,$30,$65,Show all 19 amenities,False,https://maps.googleapis.com/maps/api/js/ViewportInfoService.GetViewportInfo?1m6&1m2&1d47.49372288825966&2d-122.4028844146618&2m2&1d47.55660698724467&2d-122.24871694618241&2u14&4sen&5e0&6sm%40487000000&7b0&8e0&callback=_xdc_._5jszl8&key=AIzaSyAytC_TusuhG7kpNQ19hMrCzXDIUjd307o&token=19891,$79
169,5 guests,1 bedroom,3 beds,1 bath,$70,$100,Show all 34 amenities,True,https://maps.googleapis.com/maps/api/js/ViewportInfoService.GetViewportInfo?1m6&1m2&1d47.607151733551774&2d-122.42561945647964&2m2&1d47.66990192291953&2d-122.26975608288876&2u14&4sen&5e0&6sm%40487000000&7b0&8e0&callback=_xdc_._bd559m&key=AIzaSyAytC_TusuhG7kpNQ19hMrCzXDIUjd307o&token=34219,$117
170,8 guests,3 bedrooms,3 beds,2 baths,$175,$386,Show all 27 amenities,False,https://maps.googleapis.com/maps/api/js/ViewportInfoService.GetViewportInfo?1m6&1m2&1d47.48001069213671&2d-122.31581215997375&2m2&1d47.54291156100236&2d-122.16160357823856&2u14&4sen&5e0&6sm%40487000000&7b0&8e0&callback=_xdc_._h1nsgk&key=AIzaSyAytC_TusuhG7kpNQ19hMrCzXDIUjd307o&token=59752,$470
171,4 guests,1 bedroom,1 bed,1 bath,$70,$75,Show all 39 amenities,True,https://maps.googleapis.com/maps/api/js/ViewportInfoService.GetViewportInfo?1m6&1m2&1d47.56776981843774&2d-122.3732635521601&2m2&1d47.63056689127529&2d-122.21930943810673&2u14&4sen&5e0&6sm%40487000000&7b0&8e0&callback=_xdc_._sbudfi&key=AIzaSyAytC_TusuhG7kpNQ19hMrCzXDIUjd307o&token=37684,$85
172,3 guests,studio,1 bed,1 bath,$72,$136,Show all 16 amenities,False,https://maps.googleapis.com/maps/api/js/ViewportInfoService.GetViewportInfo?1m6&1m2&1d47.57944597473053&2d-122.41889888003072&2m2&1d47.64222905161372&2d-122.26497907863973&2u14&4sen&5e0&6sm%40487000000&7b0&8e0&callback=_xdc_._77m4pu&key=AIzaSyAytC_TusuhG7kpNQ19hMrCzXDIUjd307o&token=27820,$164
173,2 guests,studio,1 bed,1 bath,$35,$68,Show all 26 amenities,True,https://maps.googleapis.com/maps/api/js/ViewportInfoService.GetViewportInfo?1m6&1m2&1d47.54257308980767&2d-122.45065043945903&2m2&1d47.605398434698074&2d-122.29662701327607&2u14&4sen&5e0&6sm%40487000000&7b0&8e0&callback=_xdc_._inbhu9&key=AIzaSyAytC_TusuhG7kpNQ19hMrCzXDIUjd307o&token=69501,$82
174,2 guests,1 bedroom,1 bed,1 bath,$40,$69,Show all 24 amenities,False,https://maps.googleapis.com/maps/api/js/ViewportInfoService.GetViewportInfo?1m6&1m2&1d47.52408127947805&2d-122.47065833073293&2m2&1d47.58693041217989&2d-122.3165765860445&2u14&4sen&5e0&6sm%40487000000&7b0&8e0&callback=_xdc_._3cf1hz&key=AIzaSyAytC_TusuhG7kpNQ19hMrCzXDIUjd307o&token=114703,$82
175,2 guests,1 bedroom,1 bed,1 bath,$98,$69,Show all 25 amenities,True,https://maps.googleapis.com/maps/api/js/ViewportInfoService.GetViewportInfo?1m6&1m2&1d47.548074635290504&2d-122.4833052838759&2m2&1d47.61089386107017&2d-122.32929685938382&2u14&4sen&5e0&6sm%40487000000&7b0&8e0&callback=_xdc_._rqdrsp&key=AIzaSyAytC_TusuhG7kpNQ19hMrCzXDIUjd307o&token=31046,$73
176,5 guests,2 bedrooms,2 beds,1.5 baths,$165,$134,Show all 33 amenities,True,https://maps.googleapis.com/maps/api/js/ViewportInfoService.GetViewportInfo?1m6&1m2&1d47.583243014293615&2d-122.41795222611665&2m2&1d47.64602041283143&2d-122.26404634583037&2u14&4sen&5e0&6sm%40487000000&7b0&8e0&callback=_xdc_._h5mvl9&key=AIzaSyAytC_TusuhG7kpNQ19hMrCzXDIUjd307o&token=24476,$146
177,4 guests,1 bedroom,2 beds,1 bath,$65,$85,Show all 13 amenities,False,https://maps.googleapis.com/maps/api/js/ViewportInfoService.GetViewportInfo?1m6&1m2&1d47.59282912123736&2d-122.42812892341783&2m2&1d47.65559512577911&2d-122.2722262669754&2u14&4sen&5e0&6sm%40487000000&7b0&8e0&callback=_xdc_._be73r3&key=AIzaSyAytC_TusuhG7kpNQ19hMrCzXDIUjd307o&token=32025,$99
178,2 guests,1 bedroom,1 bed,1 bath,$80,$71,Show all 26 amenities,False,https://maps.googleapis.com/maps/api/js/ViewportInfoService.GetViewportInfo?1m6&1m2&1d47.552419674967666&2d-122.38851631105001&2m2&1d47.61523393310317&2d-122.23452006529845&2u14&4sen&5e0&6sm%40487000000&7b0&8e0&callback=_xdc_._cqub4k&key=AIzaSyAytC_TusuhG7kpNQ19hMrCzXDIUjd307o&token=72932,$79
179,3 guests,1 bedroom,1 bed,1 bath,$50,$67,Show all 29 amenities,False,https://maps.googleapis.com/maps/api/js/ViewportInfoService.GetViewportInfo?1m6&1m2&1d47.50006122314862&2d-122.23979204051074&2m2&1d47.562937601214195&2d-122.08361523047688&2u14&4sen&5e0&6sm%40487000000&7b0&8e0&callback=_xdc_._shsyup&key=AIzaSyAytC_TusuhG7kpNQ19hMrCzXDIUjd307o&token=56787,$79
180,4 guests,studio,2 beds,1 bath,$50,$79,Show all 31 amenities,True,https://maps.googleapis.com/maps/api/js/ViewportInfoService.GetViewportInfo?1m6&1m2&1d47.63902871049286&2d-122.41308634338702&2m2&1d47.70173825996315&2d-122.25732391405762&2u14&4sen&5e0&6sm%40487000000&7b0&8e0&callback=_xdc_._t945oq&key=AIzaSyAytC_TusuhG7kpNQ19hMrCzXDIUjd307o&token=3591,$94
181,2 guests,1 bedroom,1 bed,1 bath,$40,$55,Show all 31 amenities,False,https://maps.googleapis.com/maps/api/js/ViewportInfoService.GetViewportInfo?1m6&1m2&1d47.678335763503526&2d-122.38254803347422&2m2&1d47.74099860357087&2d-122.22690162427472&2u14&4sen&5e0&6sm%40487000000&7b0&8e0&callback=_xdc_._j94x5p&key=AIzaSyAytC_TusuhG7kpNQ19hMrCzXDIUjd307o&token=124571,$65
182,8 guests,2 bedrooms,5 beds,1 bath,$100,$236,Show all 38 amenities,True,https://maps.googleapis.com/maps/api/js/ViewportInfoService.GetViewportInfo?1m6&1m2&1d47.581021717111454&2d-122.40645650765555&2m2&1d47.6438015286982&2d-122.25051955629499&2u14&4sen&5e0&6sm%40487000000&7b0&8e0&callback=_xdc_._qmzqoy&key=AIzaSyAytC_TusuhG7kpNQ19hMrCzXDIUjd307o&token=53377,$289
183,4 guests,1 bedroom,2 beds,1 bath,$75,$70,Show all 27 amenities,True,https://maps.googleapis.com/maps/api/js/ViewportInfoService.GetViewportInfo?1m6&1m2&1d47.5844126757208&2d-122.37727580301129&2m2&1d47.64718894574154&2d-122.22134764844367&2u14&4sen&5e0&6sm%40487000000&7b0&8e0&callback=_xdc_._d9nebf&key=AIzaSyAytC_TusuhG7kpNQ19hMrCzXDIUjd307o&token=76707,$78
184,5 guests,2 bedrooms,3 beds,1 bath,$87,$105,Show all 25 amenities,False,https://maps.googleapis.com/maps/api/js/ViewportInfoService.GetViewportInfo?1m6&1m2&1d47.644659962548666&2d-122.36920562149305&2m2&1d47.70736361183073&2d-122.21548054583383&2u14&4sen&5e0&6sm%40487000000&7b0&8e0&callback=_xdc_._eefjqb&key=AIzaSyAytC_TusuhG7kpNQ19hMrCzXDIUjd307o&token=13519,$122
185,4 guests,1 bedroom,2 beds,1 bath,$60,$69,Show all 36 amenities,False,https://maps.googleapis.com/maps/api/js/ViewportInfoService.GetViewportInfo?1m6&1m2&1d47.70170466663448&2d-122.3728851217495&2m2&1d47.764339799196875&2d-122.21932802256424&2u14&4sen&5e0&6sm%40487000000&7b0&8e0&callback=_xdc_._lzvqc8&key=AIzaSyAytC_TusuhG7kpNQ19hMrCzXDIUjd307o&token=60663,$79
186,3 guests,1 bedroom,2 beds,1 bath,$30,$68,Show all 28 amenities,True,https://maps.googleapis.com/maps/api/js/ViewportInfoService.GetViewportInfo?1m6&1m2&1d47.64271450034786&2d-122.41100966768784&2m2&1d47.70542091352286&2d-122.25525502851121&2u14&4sen&5e0&6sm%40487000000&7b0&8e0&callback=_xdc_._778rje&key=AIzaSyAytC_TusuhG7kpNQ19hMrCzXDIUjd307o&token=66884,$82
187,3 guests,1 bedroom,1 bed,1 bath,$65,$70,Show all 32 amenities,False,https://maps.googleapis.com/maps/api/js/ViewportInfoService.GetViewportInfo?1m6&1m2&1d47.54364634768191&2d-122.46643430479185&2m2&1d47.60647043279606&2d-122.31038738370188&2u14&4sen&5e0&6sm%40487000000&7b0&8e0&callback=_xdc_._s5k5hc&key=AIzaSyAytC_TusuhG7kpNQ19hMrCzXDIUjd307o&token=100862,$79
188,2 guests,studio,1 bed,1 bath,$30,$81,Show all 23 amenities,True,https://maps.googleapis.com/maps/api/js/ViewportInfoService.GetViewportInfo?1m6&1m2&1d47.53266087483633&2d-122.45705898374081&2m2&1d47.595499907934546&2d-122.30300199937096&2u14&4sen&5e0&6sm%40487000000&7b0&8e0&callback=_xdc_._xpiyhn&key=AIzaSyAytC_TusuhG7kpNQ19hMrCzXDIUjd307o&token=123977,$99
189,4 guests,1 bedroom,2 beds,1 bath,$65,$87,Show all 14 amenities,False,https://maps.googleapis.com/maps/api/js/ViewportInfoService.GetViewportInfo?1m6&1m2&1d47.58489498622102&2d-122.39066657490963&2m2&1d47.6476718925353&2d-122.23676190136496&2u14&4sen&5e0&6sm%40487000000&7b0&8e0&callback=_xdc_._j5qw5k&key=AIzaSyAytC_TusuhG7kpNQ19hMrCzXDIUjd307o&token=57531,$101
190,4 guests,1 bedroom,1 bed,1 bath,$96,$126,Show all 36 amenities,False,https://maps.googleapis.com/maps/api/js/ViewportInfoService.GetViewportInfo?1m6&1m2&1d47.5831520170562&2d-122.4258184104836&2m2&1d47.64592929553979&2d-122.26988775102438&2u14&4sen&5e0&6sm%40487000000&7b0&8e0&callback=_xdc_._upqu5z&key=AIzaSyAytC_TusuhG7kpNQ19hMrCzXDIUjd307o&token=130812,$147
191,4 guests,studio,2 beds,1 bath,$35,$59,Show all 17 amenities,False,https://maps.googleapis.com/maps/api/js/ViewportInfoService.GetViewportInfo?1m6&1m2&1d47.507871253238214&2d-122.35112185516584&2m2&1d47.570739178144315&2d-122.19496604168938&2u14&4sen&5e0&6sm%40487000000&7b0&8e0&callback=_xdc_._lljuh2&key=AIzaSyAytC_TusuhG7kpNQ19hMrCzXDIUjd307o&token=65235,$70
192,2 guests,1 bedroom,1 bed,1 bath,$75,$68,Show all 19 amenities,True,https://maps.googleapis.com/maps/api/js/ViewportInfoService.GetViewportInfo?1m6&1m2&1d47.593375393156535&2d-122.38701476281545&2m2&1d47.656142118128365&2d-122.23313504998129&2u14&4sen&5e0&6sm%40487000000&7b0&8e0&callback=_xdc_._6fwphp&key=AIzaSyAytC_TusuhG7kpNQ19hMrCzXDIUjd307o&token=50160,$75
193,7 guests,2 bedrooms,4 beds,2 baths,$150,$81,Show all 31 amenities,False,https://maps.googleapis.com/maps/api/js/ViewportInfoService.GetViewportInfo?1m6&1m2&1d47.530158191557106&2d-122.3678082156926&2m2&1d47.592999275872295&2d-122.21374620253277&2u14&4sen&5e0&6sm%40487000000&7b0&8e0&callback=_xdc_._5rzu4l&key=AIzaSyAytC_TusuhG7kpNQ19hMrCzXDIUjd307o&token=55988,$79
194,2 guests,studio,1 bed,1 bath,$40,$57,Show all 22 amenities,False,https://maps.googleapis.com/maps/api/js/ViewportInfoService.GetViewportInfo?1m6&1m2&1d47.570437093016814&2d-122.39082480184607&2m2&1d47.63322966486623&2d-122.23485615563948&2u14&4sen&5e0&6sm%40487000000&7b0&8e0&callback=_xdc_._ud9jqw&key=AIzaSyAytC_TusuhG7kpNQ19hMrCzXDIUjd307o&token=34349,$67
195,2 guests,1 bedroom,2 beds,1 bath,$30,$55,Show all 23 amenities,False,https://maps.googleapis.com/maps/api/js/ViewportInfoService.GetViewportInfo?1m6&1m2&1d47.57823944666293&2d-122.38455019934224&2m2&1d47.64102360394398&2d-122.22860245383765&2u14&4sen&5e0&6sm%40487000000&7b0&8e0&callback=_xdc_._75g572&key=AIzaSyAytC_TusuhG7kpNQ19hMrCzXDIUjd307o&token=46071,$67
196,2 guests,1 bedroom,1 bed,1 bath,$59,$57,Show all 31 amenities,True,https://maps.googleapis.com/maps/api/js/ViewportInfoService.GetViewportInfo?1m6&1m2&1d47.54406401486244&2d-122.36618010304323&2m2&1d47.60688865188123&2d-122.21013181109333&2u14&4sen&5e0&6sm%40487000000&7b0&8e0&callback=_xdc_._pou3tf&key=AIzaSyAytC_TusuhG7kpNQ19hMrCzXDIUjd307o&token=70327,$64
197,2 guests,1 bedroom,3 beds,1 bath,$95,$112,Show all 35 amenities,True,https://maps.googleapis.com/maps/api/js/ViewportInfoService.GetViewportInfo?1m6&1m2&1d47.67791526656436&2d-122.45538671321697&2m2&1d47.74058021073733&2d-122.30175652750262&2u14&4sen&5e0&6sm%40487000000&7b0&8e0&callback=_xdc_._e9p8nx&key=AIzaSyAytC_TusuhG7kpNQ19hMrCzXDIUjd307o&token=93535,$128
198,2 guests,2 bedrooms,2 beds,1 bath,$109,$91,Show all 29 amenities,False,https://maps.googleapis.com/maps/api/js/ViewportInfoService.GetViewportInfo?1m6&1m2&1d47.553919042317204&2d-122.38918650108837&2m2&1d47.6167326044763&2d-122.233165717661&2u14&4sen&5e0&6sm%40487000000&7b0&8e0&callback=_xdc_._o5fgk7&key=AIzaSyAytC_TusuhG7kpNQ19hMrCzXDIUjd307o&token=87796,$99
199,2 guests,2 bedrooms,2 beds,1 bath,$25,$80,Show all 34 amenities,False,https://maps.googleapis.com/maps/api/js/ViewportInfoService.GetViewportInfo?1m6&1m2&1d47.428995314867755&2d-122.43553852221896&2m2&1d47.49195775297844&2d-122.28117899652824&2u14&4sen&5e0&6sm%40487000000&7b0&8e0&callback=_xdc_._wy69qh&key=AIzaSyAytC_TusuhG7kpNQ19hMrCzXDIUjd307o&token=14727,$99
200,2 guests,1 bedroom,2 beds,1 bath,0,$70,Show all 30 amenities,False,https://maps.googleapis.com/maps/api/js/ViewportInfoService.GetViewportInfo?1m6&1m2&1d47.60904959061514&2d-122.27435384207604&2m2&1d47.6717969456302&2d-122.1205216168778&2u14&4sen&5e0&6sm%40487000000&7b0&8e0&callback=_xdc_._oxyvb5&key=AIzaSyAytC_TusuhG7kpNQ19hMrCzXDIUjd307o&token=128421,$90
201,2 guests,2 bedrooms,2 beds,1 bath,$70,$78,Show all 35 amenities,False,https://maps.googleapis.com/maps/api/js/ViewportInfoService.GetViewportInfo?1m6&1m2&1d47.51390283110566&2d-122.34748869581864&2m2&1d47.57676263768488&2d-122.19338078291474&2u14&4sen&5e0&6sm%40487000000&7b0&8e0&callback=_xdc_._j8141q&key=AIzaSyAytC_TusuhG7kpNQ19hMrCzXDIUjd307o&token=75535,$89
202,2 guests,1 bedroom,2 beds,1 bath,$55,$77,Show all 29 amenities,True,https://maps.googleapis.com/maps/api/js/ViewportInfoService.GetViewportInfo?1m6&1m2&1d47.6857223444677&2d-122.43997394889368&2m2&1d47.74837629855257&2d-122.28637070662108&2u14&4sen&5e0&6sm%40487000000&7b0&8e0&callback=_xdc_._cauey4&key=AIzaSyAytC_TusuhG7kpNQ19hMrCzXDIUjd307o&token=38037,$90
203,2 guests,1 bedroom,2 beds,1 bath,$40,$53,Show all 31 amenities,True,https://maps.googleapis.com/maps/api/js/ViewportInfoService.GetViewportInfo?1m6&1m2&1d47.66864749134103&2d-122.42258086110667&2m2&1d47.73132151255706&2d-122.2689284219964&2u14&4sen&5e0&6sm%40487000000&7b0&8e0&callback=_xdc_._eok6k5&key=AIzaSyAytC_TusuhG7kpNQ19hMrCzXDIUjd307o&token=77043,$61
204,2 guests,studio,1 bed,1 bath,$25,$72,Show all 28 amenities,False,https://maps.googleapis.com/maps/api/js/ViewportInfoService.GetViewportInfo?1m6&1m2&1d47.31128649997419&2d-122.41250860349572&2m2&1d47.37438992831508&2d-122.2578034243374&2u14&4sen&5e0&6sm%40487000000&7b0&8e0&callback=_xdc_._owt59m&key=AIzaSyAytC_TusuhG7kpNQ19hMrCzXDIUjd307o&token=45858,$89
205,2 guests,1 bedroom,3 beds,1 bath,$65,$66,Show all 36 amenities,True,https://maps.googleapis.com/maps/api/js/ViewportInfoService.GetViewportInfo?1m6&1m2&1d47.64944464415374&2d-122.44364061770125&2m2&1d47.71214394310398&2d-122.2899262073716&2u14&4sen&5e0&6sm%40487000000&7b0&8e0&callback=_xdc_._ac0q0&key=AIzaSyAytC_TusuhG7kpNQ19hMrCzXDIUjd307o&token=17497,$74
206,2 guests,2 bedrooms,3 beds,1 bath,$120,$81,Show all 17 amenities,True,https://maps.googleapis.com/maps/api/js/ViewportInfoService.GetViewportInfo?1m6&1m2&1d47.628308736911656&2d-122.40631145538077&2m2&1d47.691033473342436&2d-122.25051130360106&2u14&4sen&5e0&6sm%40487000000&7b0&8e0&callback=_xdc_._m8m5fg&key=AIzaSyAytC_TusuhG7kpNQ19hMrCzXDIUjd307o&token=5701,$85
207,2 guests,1 bedroom,1 bed,1 bath,$120,$74,Show all 29 amenities,False,https://maps.googleapis.com/maps/api/js/ViewportInfoService.GetViewportInfo?1m6&1m2&1d47.51858666381889&2d-122.30622402066132&2m2&1d47.581441937183726&2d-122.15212722144429&2u14&4sen&5e0&6sm%40487000000&7b0&8e0&callback=_xdc_._ug62gf&key=AIzaSyAytC_TusuhG7kpNQ19hMrCzXDIUjd307o&token=20493,$75
208,2 guests,1 bedroom,2 beds,1 bath,$60,$94,Show all 32 amenities,False,https://maps.googleapis.com/maps/api/js/ViewportInfoService.GetViewportInfo?1m6&1m2&1d47.60118455480579&2d-122.3877185774387&2m2&1d47.66394022041772&2d-122.23184160156393&2u14&4sen&5e0&6sm%40487000000&7b0&8e0&callback=_xdc_._gbaikm&key=AIzaSyAytC_TusuhG7kpNQ19hMrCzXDIUjd307o&token=6401,$112
209,2 guests,studio,5 beds,1 bath,$20,$50,Show all 25 amenities,True,https://maps.googleapis.com/maps/api/js/ViewportInfoService.GetViewportInfo?1m6&1m2&1d47.450525656708386&2d-122.41472253110084&2m2&1d47.51346277357292&2d-122.26042508330391&2u14&4sen&5e0&6sm%40487000000&7b0&8e0&callback=_xdc_._h0cv9&key=AIzaSyAytC_TusuhG7kpNQ19hMrCzXDIUjd307o&token=61062,$61
210,2 guests,1 bedroom,2 beds,1 bath,$63,$91,Show all 27 amenities,False,https://maps.googleapis.com/maps/api/js/ViewportInfoService.GetViewportInfo?1m6&1m2&1d47.62287954123199&2d-122.4305030170654&2m2&1d47.685610452499866&2d-122.27468752778714&2u14&4sen&5e0&6sm%40487000000&7b0&8e0&callback=_xdc_._960lbs&key=AIzaSyAytC_TusuhG7kpNQ19hMrCzXDIUjd307o&token=57771,$107
211,2 guests,1 bedroom,1 bed,1 bath,$75,$63,Show all 33 amenities,True,https://maps.googleapis.com/maps/api/js/ViewportInfoService.GetViewportInfo?1m6&1m2&1d47.49306149741765&2d-122.44495096463902&2m2&1d47.55594740662745&2d-122.29077905818917&2u14&4sen&5e0&6sm%40487000000&7b0&8e0&callback=_xdc_._q2ve96&key=AIzaSyAytC_TusuhG7kpNQ19hMrCzXDIUjd307o&token=101511,$69
212,2 guests,1 bedroom,2 beds,1 bath,$80,$72,Show all 25 amenities,False,https://maps.googleapis.com/maps/api/js/ViewportInfoService.GetViewportInfo?1m6&1m2&1d47.545883380020186&2d-122.38272283704708&2m2&1d47.608705065502264&2d-122.22668187633354&2u14&4sen&5e0&6sm%40487000000&7b0&8e0&callback=_xdc_._cl9iao&key=AIzaSyAytC_TusuhG7kpNQ19hMrCzXDIUjd307o&token=92306,$80
213,2 guests,1 bedroom,1 bed,1 bath,$58,$107,Show all 21 amenities,True,https://maps.googleapis.com/maps/api/js/ViewportInfoService.GetViewportInfo?1m6&1m2&1d47.603830396728654&2d-122.41852523438376&2m2&1d47.66658421295159&2d-122.2626528521526&2u14&4sen&5e0&6sm%40487000000&7b0&8e0&callback=_xdc_._walcb9&key=AIzaSyAytC_TusuhG7kpNQ19hMrCzXDIUjd307o&token=80606,$129
214,2 guests,1 bedroom,2 beds,1 bath,$60,$78,Show all 20 amenities,False,https://maps.googleapis.com/maps/api/js/ViewportInfoService.GetViewportInfo?1m6&1m2&1d47.62195938491425&2d-122.44345797403673&2m2&1d47.68469174971824&2d-122.2876388743623&2u14&4sen&5e0&6sm%40487000000&7b0&8e0&callback=_xdc_._rcejh2&key=AIzaSyAytC_TusuhG7kpNQ19hMrCzXDIUjd307o&token=91580,$90
215,2 guests,1 bedroom,2 beds,1 bath,$60,$112,Show all 35 amenities,True,https://maps.googleapis.com/maps/api/js/ViewportInfoService.GetViewportInfo?1m6&1m2&1d47.50162753526634&2d-122.29336602215562&2m2&1d47.56450330185871&2d-122.13921898147754&2u14&4sen&5e0&6sm%40487000000&7b0&8e0&callback=_xdc_._pxzu0a&key=AIzaSyAytC_TusuhG7kpNQ19hMrCzXDIUjd307o&token=37795,$135
216,2 guests,2 bedrooms,2 beds,1 bath,$75,$72,Show all 31 amenities,True,https://maps.googleapis.com/maps/api/js/ViewportInfoService.GetViewportInfo?1m6&1m2&1d47.654076108855186&2d-122.38708954149115&2m2&1d47.71676819675938&2d-122.2313704844388&2u14&4sen&5e0&6sm%40487000000&7b0&8e0&callback=_xdc_._9rldlb&key=AIzaSyAytC_TusuhG7kpNQ19hMrCzXDIUjd307o&token=54668,$80
217,2 guests,1 bedroom,1 bed,1 bath,$35,$120,Show all 40 amenities,True,https://maps.googleapis.com/maps/api/js/ViewportInfoService.GetViewportInfo?1m6&1m2&1d47.528884054327115&2d-122.34542093878719&2m2&1d47.591726134241995&2d-122.18932932093412&2u14&4sen&5e0&6sm%40487000000&7b0&8e0&callback=_xdc_._e769om&key=AIzaSyAytC_TusuhG7kpNQ19hMrCzXDIUjd307o&token=29665,$149
218,2 guests,1 bedroom,1 bed,1 bath,$75,$77,Show all 33 amenities,True,https://maps.googleapis.com/maps/api/js/ViewportInfoService.GetViewportInfo?1m6&1m2&1d47.64160466516696&2d-122.47201742750224&2m2&1d47.70431228000307&2d-122.31625980355449&2u14&4sen&5e0&6sm%40487000000&7b0&8e0&callback=_xdc_._okgx6k&key=AIzaSyAytC_TusuhG7kpNQ19hMrCzXDIUjd307o&token=5594,$87
219,2 guests,1 bedroom,1 bed,1 bath,$75,$74,Show all 30 amenities,True,https://maps.googleapis.com/maps/api/js/ViewportInfoService.GetViewportInfo?1m6&1m2&1d47.539679525258&2d-122.45277786310703&2m2&1d47.60250908124721&2d-122.29671735306931&2u14&4sen&5e0&6sm%40487000000&7b0&8e0&callback=_xdc_._6u1lwu&key=AIzaSyAytC_TusuhG7kpNQ19hMrCzXDIUjd307o&token=121404,$83
220,2 guests,1 bedroom,1 bed,1 bath,$50,$64,Show all 23 amenities,True,https://maps.googleapis.com/maps/api/js/ViewportInfoService.GetViewportInfo?1m6&1m2&1d47.52186739351219&2d-122.45715553994381&2m2&1d47.58471896095103&2d-122.3010403563054&2u14&4sen&5e0&6sm%40487000000&7b0&8e0&callback=_xdc_._yi7hnd&key=AIzaSyAytC_TusuhG7kpNQ19hMrCzXDIUjd307o&token=22824,$75
221,2 guests,1 bedroom,1 bed,1 bath,$50,$95,Show all 34 amenities,True,https://maps.googleapis.com/maps/api/js/ViewportInfoService.GetViewportInfo?1m6&1m2&1d47.60895846418272&2d-122.46640971544201&2m2&1d47.67170569909576&2d-122.31055368033543&2u14&4sen&5e0&6sm%40487000000&7b0&8e0&callback=_xdc_._y71ay1&key=AIzaSyAytC_TusuhG7kpNQ19hMrCzXDIUjd307o&token=91048,$115
222,2 guests,1 bedroom,3 beds,1 bath,$100,$137,Show all 22 amenities,True,https://maps.googleapis.com/maps/api/js/ViewportInfoService.GetViewportInfo?1m6&1m2&1d47.59108291685396&2d-122.4381038503762&2m2&1d47.65385195916261&2d-122.2842184563292&2u14&4sen&5e0&6sm%40487000000&7b0&8e0&callback=_xdc_._q4s056&key=AIzaSyAytC_TusuhG7kpNQ19hMrCzXDIUjd307o&token=76759,$160
223,2 guests,studio,1 bed,1 bath,$49,$121,Show all 32 amenities,True,https://maps.googleapis.com/maps/api/js/ViewportInfoService.GetViewportInfo?1m6&1m2&1d47.60409639688651&2d-122.41602796282314&2m2&1d47.66684789530483&2d-122.26218557960408&2u14&4sen&5e0&6sm%40487000000&7b0&8e0&callback=_xdc_._j5n44s&key=AIzaSyAytC_TusuhG7kpNQ19hMrCzXDIUjd307o&token=116126,$148
224,2 guests,2 bedrooms,3 beds,2 baths,$70,$172,Show all 32 amenities,True,https://maps.googleapis.com/maps/api/js/ViewportInfoService.GetViewportInfo?1m6&1m2&1d47.58597358291983&2d-122.42468270688119&2m2&1d47.64874924065294&2d-122.26875607315696&2u14&4sen&5e0&6sm%40487000000&7b0&8e0&callback=_xdc_._70swfz&key=AIzaSyAytC_TusuhG7kpNQ19hMrCzXDIUjd307o&token=49094,$210
225,2 guests,1 bedroom,2 beds,1 bath,$95,$105,Show all 31 amenities,True,https://maps.googleapis.com/maps/api/js/ViewportInfoService.GetViewportInfo?1m6&1m2&1d47.66614769886843&2d-122.47622043940424&2m2&1d47.72882640846185&2d-122.32255650620749&2u14&4sen&5e0&6sm%40487000000&7b0&8e0&callback=_xdc_._4r3lmn&key=AIzaSyAytC_TusuhG7kpNQ19hMrCzXDIUjd307o&token=120759,$120
226,2 guests,1 bedroom,2 beds,1 bath,$50,$54,Show all 24 amenities,True,https://maps.googleapis.com/maps/api/js/ViewportInfoService.GetViewportInfo?1m6&1m2&1d47.43430486473859&2d-122.42506315712791&2m2&1d47.497260871537705&2d-122.27071939852362&2u14&4sen&5e0&6sm%40487000000&7b0&8e0&callback=_xdc_._4ik2he&key=AIzaSyAytC_TusuhG7kpNQ19hMrCzXDIUjd307o&token=61983,$62
227,2 guests,2 bedrooms,2 beds,1 bath,$50,$97,Show all 39 amenities,False,https://maps.googleapis.com/maps/api/js/ViewportInfoService.GetViewportInfo?1m6&1m2&1d47.555754678401&2d-122.38955993987526&2m2&1d47.61856531258917&2d-122.23354642914984&2u14&4sen&5e0&6sm%40487000000&7b0&8e0&callback=_xdc_._mcrsrd&key=AIzaSyAytC_TusuhG7kpNQ19hMrCzXDIUjd307o&token=91918,$117
228,2 guests,3 bedrooms,3 beds,1.5 baths,$99,$111,Show all 23 amenities,False,https://maps.googleapis.com/maps/api/js/ViewportInfoService.GetViewportInfo?1m6&1m2&1d47.6702028892268&2d-122.38094878890394&2m2&1d47.73287629732579&2d-122.22527613007742&2u14&4sen&5e0&6sm%40487000000&7b0&8e0&callback=_xdc_._njlox8&key=AIzaSyAytC_TusuhG7kpNQ19hMrCzXDIUjd307o&token=30323,$127
229,2 guests,1 bedroom,2 beds,1 bath,$45,$122,Show all 38 amenities,True,https://maps.googleapis.com/maps/api/js/ViewportInfoService.GetViewportInfo?1m6&1m2&1d47.61120218572138&2d-122.38283127830817&2m2&1d47.67394704257456&2d-122.22900517763588&2u14&4sen&5e0&6sm%40487000000&7b0&8e0&callback=_xdc_._8tvwks&key=AIzaSyAytC_TusuhG7kpNQ19hMrCzXDIUjd307o&token=127722,$150
230,2 guests,1 bedroom,2 beds,1 bath,$75,$110,Show all 18 amenities,True,https://maps.googleapis.com/maps/api/js/ViewportInfoService.GetViewportInfo?1m6&1m2&1d47.585236421512164&2d-122.42481119772589&2m2&1d47.64801110677821&2d-122.26888697948442&2u14&4sen&5e0&6sm%40487000000&7b0&8e0&callback=_xdc_._cknpr5&key=AIzaSyAytC_TusuhG7kpNQ19hMrCzXDIUjd307o&token=36150,$130
231,2 guests,1 bedroom,1 bed,1 bath,$40,$99,Show all 33 amenities,False,https://maps.googleapis.com/maps/api/js/ViewportInfoService.GetViewportInfo?1m6&1m2&1d47.60953357676298&2d-122.46470661772145&2m2&1d47.67227890202782&2d-122.30885532593459&2u14&4sen&5e0&6sm%40487000000&7b0&8e0&callback=_xdc_._6qlt1r&key=AIzaSyAytC_TusuhG7kpNQ19hMrCzXDIUjd307o&token=41812,$122
232,2 guests,1 bedroom,4 beds,1.5 baths,$60,$108,Show all 33 amenities,True,https://maps.googleapis.com/maps/api/js/ViewportInfoService.GetViewportInfo?1m6&1m2&1d47.58613285097298&2d-122.42393276187761&2m2&1d47.64890604749979&2d-122.27003718329576&2u14&4sen&5e0&6sm%40487000000&7b0&8e0&callback=_xdc_._ts7lw4&key=AIzaSyAytC_TusuhG7kpNQ19hMrCzXDIUjd307o&token=55153,$129
233,2 guests,1 bedroom,2 beds,1 bath,$99,$128,Show all 24 amenities,True,https://maps.googleapis.com/maps/api/js/ViewportInfoService.GetViewportInfo?1m6&1m2&1d47.59188779957897&2d-122.40256937451386&2m2&1d47.65465523296706&2d-122.24868792491725&2u14&4sen&5e0&6sm%40487000000&7b0&8e0&callback=_xdc_._g3evig&key=AIzaSyAytC_TusuhG7kpNQ19hMrCzXDIUjd307o&token=86136,$149
234,2 guests,1 bedroom,1 bed,1 bath,$80,$127,Show all 33 amenities,False,https://maps.googleapis.com/maps/api/js/ViewportInfoService.GetViewportInfo?1m6&1m2&1d47.57393092628695&2d-122.4165876725927&2m2&1d47.63672008920908&2d-122.26062749372159&2u14&4sen&5e0&6sm%40487000000&7b0&8e0&callback=_xdc_._71x04l&key=AIzaSyAytC_TusuhG7kpNQ19hMrCzXDIUjd307o&token=109525,$151
235,2 guests,1 bedroom,1 bed,1 bath,$10,$44,Show all 29 amenities,True,https://maps.googleapis.com/maps/api/js/ViewportInfoService.GetViewportInfo?1m6&1m2&1d47.43429584070001&2d-122.29303536135944&2m2&1d47.49725183552219&2d-122.13869163211803&2u14&4sen&5e0&6sm%40487000000&7b0&8e0&callback=_xdc_._hq9nlf&key=AIzaSyAytC_TusuhG7kpNQ19hMrCzXDIUjd307o&token=30018,$55
236,2 guests,1 bedroom,1 bed,1 bath,$175,$171,Show all 32 amenities,False,https://maps.googleapis.com/maps/api/js/ViewportInfoService.GetViewportInfo?1m6&1m2&1d47.57765723816305&2d-122.4215327377508&2m2&1d47.64044062716284&2d-122.26558690055776&2u14&4sen&5e0&6sm%40487000000&7b0&8e0&callback=_xdc_._pmtw11&key=AIzaSyAytC_TusuhG7kpNQ19hMrCzXDIUjd307o&token=55569,$192
237,2 guests,1 bedroom,2 beds,1 bath,$20,$72,Show all 31 amenities,True,https://maps.googleapis.com/maps/api/js/ViewportInfoService.GetViewportInfo?1m6&1m2&1d47.517420367754184&2d-122.38143550827988&2m2&1d47.58027678044462&2d-122.22530828966171&2u14&4sen&5e0&6sm%40487000000&7b0&8e0&callback=_xdc_._gqi7gs&key=AIzaSyAytC_TusuhG7kpNQ19hMrCzXDIUjd307o&token=83235,$89
238,2 guests,1 bedroom,2 beds,1 bath,$60,$101,Show all 20 amenities,True,https://maps.googleapis.com/maps/api/js/ViewportInfoService.GetViewportInfo?1m6&1m2&1d47.599907073482086&2d-122.4362003914514&2m2&1d47.66266372381501&2d-122.28234537773199&2u14&4sen&5e0&6sm%40487000000&7b0&8e0&callback=_xdc_._r8k3ya&key=AIzaSyAytC_TusuhG7kpNQ19hMrCzXDIUjd307o&token=769,$120
239,2 guests,2 bedrooms,2 beds,1 bath,$50,$123,Show all 34 amenities,True,https://maps.googleapis.com/maps/api/js/ViewportInfoService.GetViewportInfo?1m6&1m2&1d47.58570966203287&2d-122.39160355646055&2m2&1d47.64848497160021&2d-122.23770279752125&2u14&4sen&5e0&6sm%40487000000&7b0&8e0&callback=_xdc_._88fr86&key=AIzaSyAytC_TusuhG7kpNQ19hMrCzXDIUjd307o&token=116937,$151
240,2 guests,1 bedroom,1 bed,1 bath,$45,$71,Show all 30 amenities,False,https://maps.googleapis.com/maps/api/js/ViewportInfoService.GetViewportInfo?1m6&1m2&1d47.53470043882383&2d-122.48430102839143&2m2&1d47.59753680885511&2d-122.33025057283089&2u14&4sen&5e0&6sm%40487000000&7b0&8e0&callback=_xdc_._kyppm4&key=AIzaSyAytC_TusuhG7kpNQ19hMrCzXDIUjd307o&token=87078,$84
241,2 guests,1 bedroom,2 beds,1 bath,$75,$120,Show all 34 amenities,False,https://maps.googleapis.com/maps/api/js/ViewportInfoService.GetViewportInfo?1m6&1m2&1d47.579960969465525&2d-122.40893763843553&2m2&1d47.64274205357438&2d-122.25299752629417&2u14&4sen&5e0&6sm%40487000000&7b0&8e0&callback=_xdc_._c6225i&key=AIzaSyAytC_TusuhG7kpNQ19hMrCzXDIUjd307o&token=19984,$143
242,2 guests,1 bedroom,3 beds,1 bath,$65,$100,Show all 27 amenities,False,https://maps.googleapis.com/maps/api/js/ViewportInfoService.GetViewportInfo?1m6&1m2&1d47.58010653897766&2d-122.40728694257632&2m2&1d47.64288781516343&2d-122.25337155579831&2u14&4sen&5e0&6sm%40487000000&7b0&8e0&callback=_xdc_._r4dp04&key=AIzaSyAytC_TusuhG7kpNQ19hMrCzXDIUjd307o&token=111539,$119
243,2 guests,1 bedroom,1 bed,1 bath,$78,$88,Show all 40 amenities,False,https://maps.googleapis.com/maps/api/js/ViewportInfoService.GetViewportInfo?1m6&1m2&1d47.551474352618676&2d-122.3690090831654&2m2&1d47.614290038685546&2d-122.21500933667886&2u14&4sen&5e0&6sm%40487000000&7b0&8e0&callback=_xdc_._x718gu&key=AIzaSyAytC_TusuhG7kpNQ19hMrCzXDIUjd307o&token=95462,$100
244,2 guests,1 bedroom,3 beds,1 bath,$85,$112,Show all 35 amenities,True,https://maps.googleapis.com/maps/api/js/ViewportInfoService.GetViewportInfo?1m6&1m2&1d47.58538203442704&2d-122.40898585467806&2m2&1d47.64815691178639&2d-122.25306115930164&2u14&4sen&5e0&6sm%40487000000&7b0&8e0&callback=_xdc_._w8uk22&key=AIzaSyAytC_TusuhG7kpNQ19hMrCzXDIUjd307o&token=21747,$130
245,2 guests,1 bedroom,1 bed,1 bath,$58,$104,Show all 37 amenities,True,https://maps.googleapis.com/maps/api/js/ViewportInfoService.GetViewportInfo?1m6&1m2&1d47.65153506293628&2d-122.46895523114654&2m2&1d47.714231790025586&2d-122.31322465095695&2u14&4sen&5e0&6sm%40487000000&7b0&8e0&callback=_xdc_._7n46fh&key=AIzaSyAytC_TusuhG7kpNQ19hMrCzXDIUjd307o&token=128702,$125
246,2 guests,2 bedrooms,2 beds,1 bath,$60,$113,Show all 33 amenities,True,https://maps.googleapis.com/maps/api/js/ViewportInfoService.GetViewportInfo?1m6&1m2&1d47.594152744589145&2d-122.3757085203751&2m2&1d47.65691782456882&2d-122.2198081604256&2u14&4sen&5e0&6sm%40487000000&7b0&8e0&callback=_xdc_._4eer0a&key=AIzaSyAytC_TusuhG7kpNQ19hMrCzXDIUjd307o&token=34435,$136
247,2 guests,1 bedroom,2 beds,1.5 baths,$105,$116,Show all 29 amenities,False,https://maps.googleapis.com/maps/api/js/ViewportInfoService.GetViewportInfo?1m6&1m2&1d47.555136725008545&2d-122.37494834442339&2m2&1d47.61794921919156&2d-122.21893021371073&2u14&4sen&5e0&6sm%40487000000&7b0&8e0&callback=_xdc_._kirw65&key=AIzaSyAytC_TusuhG7kpNQ19hMrCzXDIUjd307o&token=32680,$132
248,2 guests,1 bedroom,1 bed,1 bath,$115,$119,Show all 35 amenities,False,https://maps.googleapis.com/maps/api/js/ViewportInfoService.GetViewportInfo?1m6&1m2&1d47.59818065882649&2d-122.4239540053548&2m2&1d47.66094037131952&2d-122.26806697754955&2u14&4sen&5e0&6sm%40487000000&7b0&8e0&callback=_xdc_._ic01sj&key=AIzaSyAytC_TusuhG7kpNQ19hMrCzXDIUjd307o&token=18200,$135
249,2 guests,1 bedroom,1 bed,1 bath,$50,$92,Show all 19 amenities,False,https://maps.googleapis.com/maps/api/js/ViewportInfoService.GetViewportInfo?1m6&1m2&1d47.58984096568845&2d-122.38544728962864&2m2&1d47.6526110405698&2d-122.22953452298782&2u14&4sen&5e0&6sm%40487000000&7b0&8e0&callback=_xdc_._qxvhmo&key=AIzaSyAytC_TusuhG7kpNQ19hMrCzXDIUjd307o&token=130089,$110
250,2 guests,studio,2 beds,1 bath,$35,$79,Show all 35 amenities,True,https://maps.googleapis.com/maps/api/js/ViewportInfoService.GetViewportInfo?1m6&1m2&1d47.572751244406504&2d-122.3721777656603&2m2&1d47.635541523649344&2d-122.2182403068714&2u14&4sen&5e0&6sm%40487000000&7b0&8e0&callback=_xdc_._5cvst&key=AIzaSyAytC_TusuhG7kpNQ19hMrCzXDIUjd307o&token=68975,$97
251,2 guests,1 bedroom,1 bed,1 bath,$50,$99,Show all 29 amenities,True,https://maps.googleapis.com/maps/api/js/ViewportInfoService.GetViewportInfo?1m6&1m2&1d47.58761168396492&2d-122.38000456762643&2m2&1d47.65038416012351&2d-122.22408583652282&2u14&4sen&5e0&6sm%40487000000&7b0&8e0&callback=_xdc_._v8cgdg&key=AIzaSyAytC_TusuhG7kpNQ19hMrCzXDIUjd307o&token=51791,$119
252,2 guests,1 bedroom,2 beds,1 bath,$65,$83,Show all 35 amenities,True,https://maps.googleapis.com/maps/api/js/ViewportInfoService.GetViewportInfo?1m6&1m2&1d47.66018760362438&2d-122.44239881044831&2m2&1d47.72287177060411&2d-122.28669942795028&2u14&4sen&5e0&6sm%40487000000&7b0&8e0&callback=_xdc_._va3abp&key=AIzaSyAytC_TusuhG7kpNQ19hMrCzXDIUjd307o&token=49224,$97
253,2 guests,1 bedroom,2 beds,1.5 baths,$130,$128,Show all 32 amenities,False,https://maps.googleapis.com/maps/api/js/ViewportInfoService.GetViewportInfo?1m6&1m2&1d47.5854002359746&2d-122.42523265101988&2m2&1d47.648175137345525&2d-122.2693078960018&2u14&4sen&5e0&6sm%40487000000&7b0&8e0&callback=_xdc_._tludqe&key=AIzaSyAytC_TusuhG7kpNQ19hMrCzXDIUjd307o&token=28215,$143
254,3 guests,2 bedrooms,3 beds,1 bath,$50,$111,Show all 17 amenities,True,https://maps.googleapis.com/maps/api/js/ViewportInfoService.GetViewportInfo?1m6&1m2&1d47.58424887116803&2d-122.39102976953461&2m2&1d47.64702492508778&2d-122.23712718573137&2u14&4sen&5e0&6sm%40487000000&7b0&8e0&callback=_xdc_._6g9ylm&key=AIzaSyAytC_TusuhG7kpNQ19hMrCzXDIUjd307o&token=56125,$135
255,3 guests,2 bedrooms,5 beds,1.5 baths,$135,$204,Show all 30 amenities,True,https://maps.googleapis.com/maps/api/js/ViewportInfoService.GetViewportInfo?1m6&1m2&1d47.57980630139981&2d-122.40651453431548&2m2&1d47.64258718142634&2d-122.25260011876651&2u14&4sen&5e0&6sm%40487000000&7b0&8e0&callback=_xdc_._mkfq9s&key=AIzaSyAytC_TusuhG7kpNQ19hMrCzXDIUjd307o&token=64445,$241
256,3 guests,2 bedrooms,2 beds,1 bath,$95,$112,Show all 25 amenities,False,https://maps.googleapis.com/maps/api/js/ViewportInfoService.GetViewportInfo?1m6&1m2&1d47.59496638538313&2d-122.37259478753305&2m2&1d47.65772986836539&2d-122.21669839431911&2u14&4sen&5e0&6sm%40487000000&7b0&8e0&callback=_xdc_._925k7t&key=AIzaSyAytC_TusuhG7kpNQ19hMrCzXDIUjd307o&token=58564,$129
257,3 guests,2 bedrooms,2 beds,2 baths,$45,$244,Show all 38 amenities,False,https://maps.googleapis.com/maps/api/js/ViewportInfoService.GetViewportInfo?1m6&1m2&1d47.58464018115919&2d-122.42646211559111&2m2&1d47.64741675131903&2d-122.27053321551665&2u14&4sen&5e0&6sm%40487000000&7b0&8e0&callback=_xdc_._dwhazx&key=AIzaSyAytC_TusuhG7kpNQ19hMrCzXDIUjd307o&token=85062,$308
258,3 guests,2 bedrooms,3 beds,1 bath,$50,$72,Show all 22 amenities,False,https://maps.googleapis.com/maps/api/js/ViewportInfoService.GetViewportInfo?1m6&1m2&1d47.49489120319525&2d-122.36415486676123&2m2&1d47.55777416327465&2d-122.20999019043757&2u14&4sen&5e0&6sm%40487000000&7b0&8e0&callback=_xdc_._csx7gb&key=AIzaSyAytC_TusuhG7kpNQ19hMrCzXDIUjd307o&token=14194,$85
